global_signal	global_signal_derivative1	global_signal_power2	global_signal_derivative1_power2	csf	csf_derivative1	csf_power2	csf_derivative1_power2	white_matter	white_matter_derivative1	white_matter_derivative1_power2	white_matter_power2	csf_wm	tcompcor	std_dvars	dvars	framewise_displacement	rmsd	t_comp_cor_00	t_comp_cor_01	t_comp_cor_02	t_comp_cor_03	c_comp_cor_00	c_comp_cor_01	c_comp_cor_02	c_comp_cor_03	c_comp_cor_04	c_comp_cor_05	c_comp_cor_06	c_comp_cor_07	c_comp_cor_08	w_comp_cor_00	w_comp_cor_01	w_comp_cor_02	w_comp_cor_03	w_comp_cor_04	w_comp_cor_05	w_comp_cor_06	w_comp_cor_07	w_comp_cor_08	w_comp_cor_09	w_comp_cor_10	w_comp_cor_11	w_comp_cor_12	w_comp_cor_13	w_comp_cor_14	w_comp_cor_15	w_comp_cor_16	w_comp_cor_17	w_comp_cor_18	w_comp_cor_19	a_comp_cor_00	a_comp_cor_01	a_comp_cor_02	a_comp_cor_03	a_comp_cor_04	a_comp_cor_05	a_comp_cor_06	a_comp_cor_07	a_comp_cor_08	a_comp_cor_09	a_comp_cor_10	a_comp_cor_11	a_comp_cor_12	a_comp_cor_13	a_comp_cor_14	a_comp_cor_15	a_comp_cor_16	a_comp_cor_17	a_comp_cor_18	edge_comp_00	edge_comp_01	edge_comp_02	edge_comp_03	edge_comp_04	edge_comp_05	edge_comp_06	edge_comp_07	edge_comp_08	edge_comp_09	edge_comp_10	edge_comp_11	edge_comp_12	edge_comp_13	edge_comp_14	edge_comp_15	edge_comp_16	edge_comp_17	edge_comp_18	edge_comp_19	edge_comp_20	edge_comp_21	edge_comp_22	edge_comp_23	non_steady_state_outlier00	non_steady_state_outlier01	trans_x	trans_x_derivative1	trans_x_derivative1_power2	trans_x_power2	trans_y	trans_y_derivative1	trans_y_power2	trans_y_derivative1_power2	trans_z	trans_z_derivative1	trans_z_derivative1_power2	trans_z_power2	rot_x	rot_x_derivative1	rot_x_derivative1_power2	rot_x_power2	rot_y	rot_y_derivative1	rot_y_power2	rot_y_derivative1_power2	rot_z	rot_z_derivative1	rot_z_power2	rot_z_derivative1_power2	motion_outlier00
6488.088976572632	n/a	42095298.56792331	n/a	6511.665336277174	n/a	42401785.45167373	n/a	4251.978891573236	n/a	n/a	18079324.494384367	4324.152281361289	6456.391895378656	n/a	n/a	n/a	n/a	0.0	0.0	0.0	0.0	0.0	0.0	0.0	0.0	0.0	0.0	0.0	0.0	0.0	0.0	0.0	0.0	0.0	0.0	0.0	0.0	0.0	0.0	0.0	0.0	0.0	0.0	0.0	0.0	0.0	0.0	0.0	0.0	0.0	0.0	0.0	0.0	0.0	0.0	0.0	0.0	0.0	0.0	0.0	0.0	0.0	0.0	0.0	0.0	0.0	0.0	0.0	0.0	0.0	0.0	0.0	0.0	0.0	0.0	0.0	0.0	0.0	0.0	0.0	0.0	0.0	0.0	0.0	0.0	0.0	0.0	0.0	0.0	0.0	0.0	0.0	0.0	1.0	0.0	-0.0194992	n/a	n/a	0.00038021880064	-0.0344176	n/a	0.00118457118976	n/a	0.0173622	n/a	n/a	0.00030144598884	-0.00122964	n/a	n/a	1.5120145295999998e-06	-0.000471949	n/a	2.22735858601e-07	n/a	-0.000577111	n/a	3.3305710632100005e-07	n/a	0.0
6444.979026039473	-43.10995053315946	41537754.64608871	1858.467834971456	6347.512595208947	-164.15274106822744	40290916.14633621	26946.122400212524	4237.083277057651	-14.895614515585294	221.8793317969153	17952874.696721602	4301.157272426887	6334.436338989696	1.510591	71.533722	0.34142318	0.233194	0.0	0.0	0.0	0.0	0.0	0.0	0.0	0.0	0.0	0.0	0.0	0.0	0.0	0.0	0.0	0.0	0.0	0.0	0.0	0.0	0.0	0.0	0.0	0.0	0.0	0.0	0.0	0.0	0.0	0.0	0.0	0.0	0.0	0.0	0.0	0.0	0.0	0.0	0.0	0.0	0.0	0.0	0.0	0.0	0.0	0.0	0.0	0.0	0.0	0.0	0.0	0.0	0.0	0.0	0.0	0.0	0.0	0.0	0.0	0.0	0.0	0.0	0.0	0.0	0.0	0.0	0.0	0.0	0.0	0.0	0.0	0.0	0.0	0.0	0.0	0.0	0.0	1.0	-0.0430066	-0.0235073999999999	0.0005525978547599	0.0018495676435599	-0.0298663	0.0045513	0.0008919958756899	2.071433169000001e-05	-0.0209177	-0.0382799	0.00146535074401	0.00043755017329	0.00306368	0.00429332	1.84325966224e-05	9.3861351424e-06	-0.00115693	-0.000684981	1.3384870249000002e-06	4.691989703610001e-07	-5.37204e-05	0.0005233906	2.88588137616e-09	2.739377201683601e-07	1.0
6389.296208657904	-55.68281738156929	40823106.04197026	3100.5761515491954	6165.527815519324	-181.98477968962288	38013733.24394248	33118.460038680576	4236.569632933951	-0.5136441237000327	0.2638302858115744	17948522.25469811	4292.125744666461	6157.337563515281	1.239863	58.713451	0.1633714299999999	0.0799248999999999	-0.1468969177	-0.1884308205	-0.0773169399	0.1171097343	-0.3200179107	0.1235321028	0.1357318922	-0.5502627967	0.2876837718	-0.0333240381	0.3691754913	-0.0356815337	0.0218655035	-0.1327366264	-0.1619134535	0.0669331237	-0.1399208549	0.3311287306	-0.0101252002	0.2066627929	-0.189506384	0.2071671941	-0.2245340384	-0.0407539407	0.149770566	0.0075610692	0.1390508809	-0.1916987607	-0.0977100039	-0.0055337048	-0.0056582087	0.1257988893	0.0311061694	-0.1544775281	-0.1694182219	0.2526248947	-0.1158033409	0.3732668941	-0.1325128221	0.0662940622	-0.2553875862	0.2506274295	-0.0693658826	-0.0325711054	-0.232785978	0.0778788196	0.2253559252	-0.114522259	-0.1025117128	0.0409052815	0.0115699762	0.053180869	-0.2213404528	0.250000928	0.2654363018	0.254721697	-0.3158325179	0.0909288975	-0.2565764158	0.0922341238	-0.1875371291	0.1852499576	-0.008419657	-0.032187285	0.2172620703	0.1426847488	-0.117007469	0.11905742	0.0476441257	0.0078954244	-0.1238240295	-0.016295958	-0.0524201746	-0.064978111	0.234471542	0.0209213965	0.0	0.0	-0.0767093999999999	-0.0337027999999999	0.0011358787278399	0.0058843320483599	-0.0760818999999999	-0.0462155999999999	0.0057884555076099	0.0021358816833599	-0.0339272	-0.0130094999999999	0.0001692470902499	0.00115105489984	0.00313592	7.223999999999989e-05	5.218617599999984e-09	9.8339942464e-06	-0.00204582	-0.0008888899999999	4.185379472399999e-06	7.901254320999996e-07	-0.000501461	-0.0004477406	2.51463134521e-07	2.0047164488836e-07	0.0
6367.061904815758	-22.23430384214589	40539477.29975607	494.3642673448636	6100.786928874091	-64.74088664523242	37219601.15152097	4191.3824036108335	4233.963681098877	-2.605951835073938	6.790984966725226	17926448.452864353	4286.593654390513	6046.984980983266	1.073967	50.857464	0.0747739499999999	0.0419529	-0.1304010143	0.1196623718	-0.2483211033	0.1084444053	-0.2307599257	-0.2047355192	0.0366949212	-0.3689007951	0.1357326074	0.0542325887	0.0006523561	0.0617462894	0.0068358863	-0.1703958627	-0.2979980219	-0.0706344894	0.1202113951	0.3181438213	0.0610190809	0.3825400581	-0.2023436138	0.0511642152	-0.1676682468	0.0374502744	-0.1432933101	0.0428604067	-0.0918472451	-0.0455577199	-0.0004281944	0.0878847929	-0.1708111686	0.054876748	0.1028470781	-0.1591879945	-0.351130854	0.0249826411	0.0294428994	0.3497058547	-0.3003554361	0.1895416732	-0.205806133	0.0293140828	-0.0484666056	0.0388798644	-0.0234325939	-0.1265459175	-0.0409911604	0.0060249633	-0.0625954326	0.0829513852	0.036258843	-0.0218928014	-0.208911975	0.2375564031	0.3497638653	0.0226730676	-0.030791679	0.1511447246	-0.2509197548	-0.1077325506	0.2048318385	0.0087994681	0.1243952543	-0.0141162752	0.0666299808	0.1060772361	-0.164090946	-0.0116453468	-0.0047297427	0.0304242999	-0.0421498479	0.1896894135	0.0215743742	0.0620084125	-0.0230927962	0.1625300837	0.0	0.0	-0.072409	0.0043003999999998	1.849344015999913e-05	0.005243063281	-0.0957186	-0.0196367000000001	0.00916205038596	0.00038559998689	-0.0236492	0.0102779999999999	0.0001056372839999	0.0005592846606399	0.00247142	-0.0006644999999999	4.4156024999999963e-07	6.107916816400001e-06	-0.00210917	-6.335000000000021e-05	4.4485980889e-06	4.013222500000027e-09	-0.000418134	8.332700000000001e-05	1.74836041956e-07	6.943388929000001e-09	0.0
6362.012664217121	-5.04924059863697	40475205.13965903	25.494830622923832	6042.469541049042	-58.31738782504908	36511438.154505424	3400.917722737183	4240.798191872224	6.834510773347574	46.710537511004055	17984369.304186728	4289.356590088109	6066.336897091549	1.048025	49.629021	0.0615861	0.0379826	-0.111685749	0.1232552523	0.1617278973	0.077199911	-0.1477254393	-0.0108107175	-0.2327896316	-0.2250842552	0.1643099372	0.0008317724	-0.2229338553	0.2104417279	0.0122087663	-0.138282018	-0.0649354515	0.2599993026	0.1484343437	0.2743879512	-0.0862873991	-0.0235028911	0.2859967966	-0.0176641447	0.0230414646	-0.1063591765	-0.1798607841	-0.0013788042	-0.2806251432	0.020828832	-0.055509927	0.074799089	0.0685569155	-0.0686347404	-0.044289612	-0.1172937039	-0.0934813882	0.2027411373	0.2422282211	0.2723941172	0.0724197504	-0.0584775268	0.1403055414	-0.1274513314	-0.0639931613	-0.2161517705	0.1806427369	-0.055310272	-0.2066983075	0.0129236339	-0.0955536155	-0.0267402572	0.1628414848	-0.0608521688	-0.1989105382	0.1706642533	0.1104683194	-0.1505748612	-0.2430704878	0.1363436415	-0.0451686625	-0.0283843102	0.2258897598	0.0112080219	0.0219255586	-0.0873189304	-0.0157370777	-0.0923326977	0.0264476582	-0.1543305941	0.1634562006	0.0586481565	0.1896264924	-0.123117924	-0.0051403007	0.0968009208	-0.3764702306	-0.001184702	0.0	0.0	-0.0723901	1.890000000000225e-05	3.57210000000085e-10	0.00524032657801	-0.104119	-0.0084004	0.010840766161	7.056672016000004e-05	-0.0139069	0.0097422999999999	9.491240928999998e-05	0.0001934018676099	0.00183953	-0.00063189	3.992849721000002e-07	3.3838706209e-06	-0.00234577	-0.0002366	5.5026368929000005e-06	5.597956e-08	-0.000418134	0.0	1.74836041956e-07	0.0	0.0
6357.056685434506	-4.955978782614693	40412169.70182755	24.561725693727016	6045.727210040253	3.257668991211176	36550817.49822111	10.61240725629884	4238.034716672946	-2.7634751992782185	7.63679517702579	17960938.25972514	4284.251700776981	6066.947307223692	1.0043	47.558407	0.0968119399999999	0.051581	-0.1266728735	-0.073589447	0.1767949042	0.1004493345	-0.1439975046	0.2130580291	-0.0844935948	-0.1478797115	0.0667677446	-0.0302431275	-0.2891652331	0.0448307872	-0.2688032379	-0.0915482349	-0.0812706572	0.3126996288	-0.0861850441	0.2655159907	-0.1328948524	-0.2117333762	0.2034846851	0.0731979835	0.0443452614	0.0261844592	-0.1331835399	-0.1989826903	0.2044655545	0.0744935951	-0.1328099663	0.0768336232	0.0136596292	0.2827279532	-0.0578019035	-0.0744670191	-0.0064655177	0.3272403975	0.0628773943	0.1840419077	0.1771321457	-0.1882113473	0.0328269237	-0.2551320387	-0.0502261005	-0.193062977	-0.0413462329	0.0880429815	0.1603397811	0.2243835056	0.0289848939	-0.1863854108	-0.1440011632	-0.0526541597	-0.1839662187	0.1464190073	-0.0863490616	-0.0204993731	-0.2457697994	0.0776798524	0.046386714	0.0529418623	0.0695046222	-0.1686026217	0.0324027363	0.1124082232	0.0461793128	0.0740997167	0.2161505905	-0.2192658308	-0.1122825479	0.0092722076	0.1245482494	-0.328597559	0.2582465732	-0.062510539	0.0448942455	-0.2164402678	0.0	0.0	-0.0825122999999999	-0.0101221999999999	0.0001024589328399	0.0068082796512899	-0.144915	-0.0407959999999999	0.0210003572249999	0.0016643136159999	-0.00224276	0.01166414	0.0001360521619396	5.0299724176e-06	0.00131175	-0.00052778	2.785517284000001e-07	1.7206880625e-06	-0.00227543	7.03399999999999e-05	5.177581684900001e-06	4.947715599999986e-09	-0.000331662	8.647200000000004e-05	1.09999682244e-07	7.477406784000006e-09	0.0
6353.440275627709	-3.616409806797492	40366203.33596829	13.078419890701072	6002.081979404517	-43.64523063573597	36024988.08749245	1904.9061572465855	4240.195426656544	2.160709983598281	4.668667633221283	17979257.256239075	4286.316341913109	6051.278624894731	1.049984	49.721794	0.0381825599999999	0.022196	-0.0944159227	-0.1790888114	-0.1839786695	0.1356856303	-0.1284632625	0.0203877206	0.1957597798	-0.1127351357	-0.1644162341	0.0842818058	-0.3443383217	-0.0109826001	0.2296114099	-0.1832366702	-0.2855234435	-0.0645851509	-0.1746675553	-0.1100767301	-0.1709945588	0.0157138886	-0.0121043862	-0.1116288255	-0.03837766	-0.1210841224	-0.1015170765	0.1177238046	-0.1586863418	0.0529578643	0.0726321437	-0.1977661009	0.1302255602	-0.0244998873	-0.0727388256	-0.1335935514	-0.2342612429	0.0949504947	-0.226476879	-0.0786884083	-0.0600710532	-0.187428335	0.0282430474	-0.0251866458	-0.0083940461	0.0398490671	0.3184278558	-0.1593828813	-0.0971069268	-0.1316660529	-0.0086292631	0.0633993421	-0.3730541634	-0.1786462367	-0.1942359608	0.1302182929	0.0299720144	0.2035340811	0.1128352146	0.0491492204	0.1031587756	-0.0290815317	0.1544978915	-0.298938144	0.0025463899	0.1150489016	-0.095048833	-0.1611821239	0.1982116223	0.1474665602	-0.0613839253	-0.1937023807	-0.1195791561	0.0254927051	0.1071932177	-0.2424106303	-0.0696713544	-0.1944653318	0.0	0.0	-0.0868479999999999	-0.0043356999999999	1.879829448999998e-05	0.0075425751039999	-0.124262	0.0206529999999999	0.015441044644	0.0004265464089999	0.0022524	0.00449516	2.02064634256e-05	5.07330576e-06	0.00136681	5.5060000000000005e-05	3.0316036e-09	1.8681695761e-06	-0.00225753	1.7899999999999947e-05	5.0964417009000006e-06	3.2040999999999807e-10	-0.000230648	0.0001010139999999	5.3198499904e-08	1.0203828196e-08	0.0
6347.873951895387	-5.566323732321507	40295503.70915196	30.983959893005636	6035.924251095685	33.8422716911673	36432381.564965	1145.2993532187834	4238.049341316029	-2.1460853405151283	4.605682288773934	17961062.21942923	4287.266042051399	6064.314372009606	1.085424	51.400021	0.0686811	0.0335963	-0.115179397	0.2249355756	-0.0307388395	0.1662970334	-0.1302265742	-0.1959416439	-0.0660447726	-0.0912853722	-0.1794822102	-0.0231856698	-0.1000049633	-0.2040515899	0.1157723231	-0.1427780686	-0.1882815738	0.0429386758	0.2068596286	0.1519578534	-0.175779047	-0.2180955309	-0.0860046014	-0.2463798181	0.1532103905	-0.0515148135	0.1578665303	0.0898936759	0.1887875985	0.1449946023	0.1867999892	-0.3615778337	0.1223128388	-0.010038037	0.0374470616	-0.1342092447	-0.2514909541	0.0037165511	0.1736217719	0.0715219078	0.1572661964	-0.2518956321	0.1009716746	-0.0238477349	0.1745629806	0.2757199909	0.0571658163	-0.0188975743	0.0228250633	-0.1442874443	0.3882863324	0.0108372673	0.0116168844	0.2072840551	-0.1734963131	0.1147479788	0.0882493863	-0.2053010719	0.0305591507	0.0539634473	0.1474910469	0.0614818553	-0.0272255678	-0.1680712555	0.1419302443	0.1235550558	-0.2261176797	-0.1779010613	0.3026094734	-0.0402629778	0.0395851463	0.0010305193	-0.0480148396	0.2153869311	-0.1413866696	0.1085185677	0.293875583	-0.1045153272	0.0	0.0	-0.0891625	-0.0023145000000001	5.356910250000501e-06	0.00794995140625	-0.114791	0.0094709999999999	0.013176973681	8.969984099999987e-05	0.0246472	0.0223948	0.00050152706704	0.00060748446784	0.00115997	-0.00020684	4.27827856e-08	1.3455304009e-06	-0.00255322	-0.0002956899999999	6.5189323684e-06	8.743257609999995e-08	-0.000418134	-0.000187486	1.74836041956e-07	3.515100019600001e-08	0.0
6344.321718800619	-3.552233094767871	40250418.071645245	12.618359959564128	6015.785324194965	-20.138926900719525	36189673.06679952	405.57637671252456	4240.315294755102	2.265953439072291	5.134544988043543	17980273.798934042	4288.029876626832	6052.892969584622	1.022606	48.425293	0.0572043	0.0295339	-0.0895261617	0.0068471621	0.1961824613	0.1613580229	-0.0698767422	0.1087468524	-0.1623028723	-0.102212752	-0.1618073763	0.0562298328	-0.1196547087	-0.1333924384	-0.1086593068	-0.1253958713	0.0068396481	0.2045925728	0.0677953562	0.0334575777	0.0012596108	-0.0433785886	-0.090342232	-0.3463193889	-0.0451723655	-0.1008676481	-0.0196856099	-0.1321498076	0.066757107	0.154058483	-0.0833329509	0.1463094904	0.0438965731	-0.2229109682	-0.0804180555	-0.1068320625	0.0063958832	0.1738905705	0.1653671195	-0.0096329324	0.0333185796	-0.0297753337	0.0042217289	-0.0665953834	0.0304678614	0.2132409939	0.2138271529	0.1438852439	0.0187545735	0.2326910609	0.010962865	-0.0525610882	0.0379180052	0.1206788987	-0.1779823841	0.0839878863	-0.0842404429	-0.1101102778	-0.1560479521	-0.0201980873	0.2204812141	-0.0224503199	0.0225617191	-0.0205461917	-0.1302569431	0.0268741622	-0.2114642761	0.0032866904	0.0561553465	0.0377240222	-0.3600698825	-0.1095957199	0.1436003867	-0.0518850515	-0.2434047632	0.144016629	-0.0136384997	0.2716542962	0.0	0.0	-0.0891939	-3.140000000000087e-05	9.859600000000548e-10	0.00795555179721	-0.138624	-0.0238329999999999	0.019216613376	0.0005680118889999	0.0105581	-0.0140891	0.00019850273881	0.00011147347561	0.00106406	-9.591000000000004e-05	9.198728100000011e-09	1.1322236835999998e-06	-0.0023841	0.00016912	5.68393281e-06	2.8601574400000014e-08	-0.000298148	0.000119986	8.8892229904e-08	1.4396640196000012e-08	0.0
6331.711261201523	-12.610457599096662	40090567.495226175	159.02364085861475	5966.256535135413	-49.528789059551855	35596217.04304603	2453.1009457055834	4234.978361412751	-5.336933342350676	28.48285750069436	17935041.721634228	4281.621650593111	6010.003169677844	1.050458	49.74424	0.0491529999999999	0.0307411	-0.0359892062	-0.194556464	-0.1251980363	0.224425217	-0.0608873871	0.1134389662	0.1352076942	-0.0992786126	-0.3517354936	0.0705365404	-0.2210960566	-0.0186169194	0.1699110802	-0.1970246915	-0.1068071739	0.0243923159	-0.2205831669	0.0259495998	0.1664381104	-0.1308663388	-0.1263229598	0.1173278695	0.1545729984	-0.2030360266	0.204594301	0.1738445565	0.1260722127	-0.1499895513	0.2148855381	-0.1167435475	0.0894321204	-0.1790228788	-0.3285076246	-0.1650316761	-0.0625170444	0.1510377281	-0.1854989993	-0.06505615	0.2518090842	0.065654204	0.1055054328	0.1588261858	0.2861596148	0.0431634923	-0.0646060989	0.1138739717	0.1285090783	-0.2072689161	0.140868533	0.2066587518	-0.0953957359	-0.3126892131	-0.2095460261	0.076090323	-0.0310505569	0.1860132189	0.11516784	-0.0728100625	0.2710431815	0.0322685508	-0.0854694201	-0.1180438893	-0.1735728316	0.1392164345	0.1345560351	-0.0540550883	-0.110852371	0.3444802514	0.1353613112	-0.0910119735	-0.079550139	-0.033659233	-0.1015778924	-0.0029998446	-0.2090413497	-0.0269399519	0.0	0.0	-0.0944647	-0.0052707999999999	2.778133263999992e-05	0.00892357954609	-0.10987	0.028754	0.0120714169	0.000826792516	0.0164205	0.0058624	3.4367733760000003e-05	0.00026963282025	0.00100857	-5.548999999999984e-05	3.079140099999982e-09	1.0172134449e-06	-0.00239394	-9.839999999999675e-06	5.730948723599999e-06	9.68255999999936e-11	-0.000418134	-0.000119986	1.74836041956e-07	1.4396640196000012e-08	0.0
6323.302863359961	-8.408397841561964	39984159.10177628	70.7011542619839	5988.999945009388	22.743409873975	35868120.34132246	517.2626926956234	4238.668961334782	3.690599922030742	13.62052778449332	17966314.56378288	4287.774272322609	5991.607334687138	1.073954	50.856861	0.0275532	0.0148254	-0.0226218762	0.1646682936	0.0065101999	0.2641391319	-0.0338946345	-0.0809315649	-0.1810373845	-0.1325762379	-0.3797556012	0.0199305017	0.1570350426	-0.0492579726	0.0688584364	-0.2059922524	-0.0125370971	-0.0116878715	0.1355688313	-0.0715841046	0.2683930002	-0.0158371369	0.1847246795	0.1052727293	-0.1551663005	0.0270176242	0.0562348243	0.3028223474	0.106819346	0.3063359684	-0.0222841529	0.1390837069	0.1320805775	-0.1915114978	0.2249002001	-0.1907894389	-0.0976288149	-0.0068152586	0.1241648732	-0.1333135097	0.1991820387	0.2090111403	0.1722910442	0.2639411729	-0.1404611708	0.0022316629	-0.0714102603	-0.3764943916	-0.0337221189	0.2522327746	0.0066586389	-0.0326827113	0.0359798824	0.1999965584	-0.190570107	0.0357451178	0.0142884642	-0.1654128487	0.0538455843	-0.1281628668	0.304269378	0.2260716948	-0.0807577363	0.0749311946	0.0677117492	-0.1591170822	-0.0800274671	0.0668925242	-0.0965014521	0.1679489746	-0.0908605624	0.3961177296	-0.0723324813	0.257684604	-0.0087551751	0.0864864468	-0.1601073339	-0.0735435418	0.0	0.0	-0.10538	-0.0109153	0.00011914377409	0.0111049444	-0.106916	0.0029539999999999	0.011431031056	8.72611599999999e-06	0.0246219	0.0082013999999999	6.726296195999996e-05	0.0006062379596099	0.00102787	1.9299999999999876e-05	3.7248999999999506e-10	1.0565167369e-06	-0.00248429	-9.035000000000033e-05	6.1716968041e-06	8.163122500000059e-09	-0.000418134	0.0	1.74836041956e-07	0.0	0.0
6302.714473188755	-20.5883901712059	39724209.730543	423.88180984180775	5941.508191291453	-47.49175371793535	35301519.58718343	2255.4666712050266	4231.569802000005	-7.099159334776232	50.39806326054051	17906182.989198364	4279.409628457464	5941.017363036342	1.025833	48.578083	0.08170175	0.0494123	0.040517965	-0.0234504435	0.1939494374	0.2527256049	0.0708354293	0.1151569925	-0.1255355512	-0.0131081077	-0.3126773819	0.064122332	0.2242040808	-0.0018706338	-0.126282807	-0.2000889144	0.1191507046	0.1888450219	0.0348504129	-0.1395528692	-0.0267346007	0.1106752517	0.1137485874	0.2617695831	0.158772616	-0.0115417971	0.1645680231	0.1225891397	-0.191216098	0.1066100584	-0.0619364093	0.0553152922	0.0916884849	-0.0264582435	0.2247849322	-0.1896542829	0.1049904846	0.144674695	0.1479755797	-0.1672257111	-0.1109229057	0.0320432639	0.1969216891	0.1511270791	0.1231825112	-0.1360974057	-0.21963925	-0.1505524425	-0.2520400788	-0.0284018775	-0.1516030855	-0.0686779015	-0.0225940001	0.1342893116	-0.17878368	0.0042799122	-0.1352805482	-0.0880593347	-0.1101661126	-0.2036065508	0.2106393988	0.0088007513	-0.2259530439	0.0348319601	-0.1670805565	-0.1829589139	-0.007884226	0.0155571583	-0.3514969794	-0.214257335	-0.0854922388	-0.0116230126	-0.0307995901	-0.1670435197	-0.0372527296	-0.2976015179	0.0337529808	0.1698811593	0.0	0.0	-0.106903	-0.0015229999999999	2.3195289999999896e-06	0.011428251409	-0.146577	-0.039661	0.021484816929	0.001572994921	0.0247171	9.520000000000016e-05	9.063040000000027e-09	0.00061093503241	0.000466347	-0.000561523	3.15308079529e-07	2.1747952440900003e-07	-0.00267194	-0.0001876499999999	7.139263363599999e-06	3.5212522499999895e-08	-0.000477412	-5.927799999999996e-05	2.2792221774400003e-07	3.513881283999995e-09	0.0
6291.196716598655	-11.517756590099452	39579156.1269417	132.65871686877935	5877.545229409628	-63.96296188182532	34545537.92375587	4091.2604926958393	4232.927663992037	1.3578619920317578	1.8437891894044536	17917676.608589087	4277.172684887467	5868.76807451505	1.070556	50.695942	0.02653115	0.0119856	0.1369181472	-0.1871221921	-0.1393040283	0.2698013965	0.1656383833	0.0435172444	0.1910598096	-0.1081489911	-0.2708983116	-0.1095698444	-0.0835409089	0.120779941	-0.0586718689	-0.1866169499	-0.072078215	-0.1087441097	-0.1681538017	-0.0683706369	-0.1228123396	0.0940829621	0.2997938601	-0.0242322214	0.4019221387	0.1787963668	0.2569459579	-0.0476182724	-0.0903737158	-0.2142981617	0.2272265306	0.0533145109	-0.179147341	0.1562636838	0.1606117747	-0.1812229555	-0.0400849767	-0.0269668547	-0.2235035392	-0.1075266741	-0.1395062011	-0.0599223538	0.3945222644	-0.1684442986	0.1290282925	-0.0186885272	-0.2621408171	0.2236494435	-0.2251245489	-0.0741762977	-0.0640122849	0.1806652755	0.0447019903	0.0267241646	-0.1808467683	-0.0185958659	-0.0718831894	0.1947692716	0.2044354201	-0.1962059569	0.1835659404	-0.1540568848	0.0345814745	-0.0786090075	-0.0037831887	-0.1505577927	0.1731804418	-0.0782052578	0.0315882738	-0.1957509816	0.3022578586	-0.2187797016	-0.1049628457	0.0916039297	0.0362755511	0.0971345971	0.346802956	0.1895013177	0.0	0.0	-0.106825	7.799999999999474e-05	6.0839999999991795e-09	0.011411580625	-0.139942	0.006635	0.019583763364	4.402322500000002e-05	0.0320794	0.0073623	5.420346129000003e-05	0.00102908790436	0.000582386	0.0001160389999999	1.3465049520999993e-08	3.39173452996e-07	-0.00274574	-7.380000000000017e-05	7.5390881476e-06	5.446440000000025e-09	-0.000418134	5.927799999999996e-05	1.74836041956e-07	3.513881283999995e-09	0.0
6284.548380824755	-6.648335773899817	39495548.350927055	44.20036856251608	5905.769323966353	28.224094556725504	34878111.30790199	796.5995135469822	4225.521803900018	-7.405860092018884	54.84676370255795	17855034.515234467	4270.119746728121	5801.446768403981	1.102469	52.207169	0.0539585	0.0329625	0.1785951269	0.2245187912	-0.052088505	0.2331132373	0.1610397696	-0.1929822152	-0.0858613033	-0.1229677276	-0.147641899	-0.2281703815	0.1488293544	0.131080479	0.0727049234	-0.1933012294	-0.0230460566	-0.0599399816	0.175214461	-0.2001286958	0.0835408446	-0.264437838	0.1174685322	-0.0516782346	-0.2496771354	0.0453628843	0.0752286113	-0.0103600332	-0.1602416253	-0.2115476811	-0.1489299876	0.2948819478	0.1033036437	-0.0122399295	-0.2727802539	-0.1938618189	-0.0766634905	-0.1264147686	0.1131523165	-0.2324618038	0.2345416398	-0.0828752614	-0.0909808953	-0.0310306268	-0.2771945449	-0.0541074369	0.0963313885	0.1359274829	0.0216513635	-0.0240131149	-0.4508288693	0.0785867404	0.0188005819	-0.1408136998	-0.1666743424	-0.0503309787	0.0355341433	-0.2010379594	0.1351734032	-0.072092951	0.0417501202	0.0162773416	-0.1986660961	0.1497597764	0.2744459238	0.0295296886	-0.1140901748	0.11624357	-0.0872382609	-0.0557205944	0.1669486217	0.0467334518	-0.208832348	-0.0067879328	0.3300901185	-0.0629873111	-0.006650616	-0.0228564055	0.0	0.0	-0.106848	-2.2999999999995246e-05	5.289999999997812e-10	0.011416495104	-0.130606	0.009336	0.017057927236	8.71608960000002e-05	0.0224801	-0.0095993	9.214656049000004e-05	0.00050535489601	0.00112613	0.000543744	2.95657537536e-07	1.2681687768999998e-06	-0.00258948	0.00015626	6.7054066704e-06	2.4417187600000023e-08	-0.000418134	0.0	1.74836041956e-07	0.0	0.0
6282.131434486938	-2.416946337817535	39465175.36016891	5.841629599889594	5869.427612206402	-36.34171175995107	34450180.494930945	1320.7200136433655	4229.902706915819	4.380903015800868	19.192311233853143	17892076.909973774	4273.153404944891	5714.8747994715695	1.036494	49.082958	0.0852732	0.0517298	0.2187418309	0.047112635	0.1878879468	0.1553221744	0.2210041885	0.0906039977	-0.1297311847	-0.1004177302	-0.0196806778	-0.2823017562	0.1798131003	0.1739527652	-0.071724081	-0.1779971352	0.123321207	0.0883146041	0.1206017757	-0.1956317292	-0.0899448775	0.1689593543	0.0840549097	-0.1336671856	-0.3560938322	0.1911615484	0.0008786468	-0.1996585174	0.2100122605	0.0738177572	0.5249458616	0.0126373177	-0.0865696146	0.1160402357	-0.1684785329	-0.1891837418	0.1371341028	-0.0036568794	0.1661894017	-0.148493377	-0.1870356301	-0.1083644223	-0.0317946467	0.0169230351	-0.4599847225	0.1198000343	-0.008688259	0.1298046263	-0.0505945186	0.1214887997	0.4641404181	0.239286533	0.0938668963	-0.2806320748	-0.1451701321	-0.0893714505	-0.1950346936	-0.0978046073	0.0206804183	-0.0574636697	-0.0940319749	-0.170592973	-0.012714253	0.3232101482	0.1919957807	-0.0974568759	-0.1254229224	0.1267122833	0.0574121513	0.1846299179	-0.0065628447	-0.2362926766	0.1993298941	0.1234729222	0.1260471771	-0.0836266957	-0.1429197279	0.1087722894	0.0	0.0	-0.106851	-3.0000000000030003e-06	9.000000000018002e-12	0.011417136201	-0.178493	-0.047887	0.031859751049	0.002293164769	0.0318614	0.0093812999999999	8.800878968999997e-05	0.00101514880996	0.000830977	-0.0002951529999999	8.711529340899997e-08	6.905227745289999e-07	-0.00244361	0.0001458699999999	5.971229832100001e-06	2.127805689999993e-08	-0.000299119	0.000119015	8.947217616099998e-08	1.4164570225000009e-08	0.0
6282.501051345291	0.369616858352856	39469819.46015468	0.1366166219786352	5875.435367602657	6.007755396254652	34520740.75887617	36.093124901226886	4228.133083143781	-1.769623772038358	3.131568294563266	17877109.368774936	4272.546238109372	5735.803453542457	0.994657	47.101761	0.0630188	0.0371555	0.2340951043	-0.150456713	0.1379019699	0.1393074228	0.2273661571	0.174274899	-0.0116865548	-0.0568100131	-0.0240095921	-0.2442062677	0.1156912309	0.0157475671	0.0321428767	-0.1836451204	0.2366833452	0.1295517645	-0.1503345694	-0.0605856967	0.0445478405	0.0037159597	0.043188608	-0.0816010337	-0.0551133527	0.2717463012	0.2110311388	-0.0774825138	0.0541360602	-0.13054284	-0.1090344949	-0.1411141151	-0.1868738052	-0.1533819893	0.0865528057	-0.1915104391	0.2517530213	0.1048435221	-0.0494683012	-0.1055808259	-0.0216172109	0.0577553626	0.0529008344	-0.0691978103	-0.156059322	0.1631824869	-0.2442156137	0.1416727401	0.1179469568	-0.2006259356	0.0265016063	-0.0914348892	0.1073819854	0.1242504433	-0.1578298715	-0.1160593514	-0.2766520806	0.0531192733	0.0250252031	0.0087985345	-0.1661416156	-0.1502121363	-0.0082846209	0.1520091786	0.0113059429	-0.3410026684	0.0645028929	0.0098453435	0.1339105518	-0.2217878104	-0.0979942789	-0.1935464773	-0.0398629397	0.0533044507	-0.0179889276	0.4060315485	-0.1201864934	-0.1795647078	0.0	0.0	-0.106819	3.200000000000425e-05	1.024000000000272e-09	0.011410298761	-0.172581	0.005912	0.029784201561	3.4951744000000007e-05	0.0407429	0.0088815	7.888104225000001e-05	0.0016599839004099	0.00021135	-0.000619627	3.83937619129e-07	4.466882249999999e-08	-0.00263144	-0.0001878299999999	6.9244764736e-06	3.5280108899999986e-08	-0.00014271	0.0001564089999999	2.03661441e-08	2.4463775280999995e-08	0.0
6284.297507574111	1.7964562288198067	39492395.163702175	3.2272549820654817	5826.511135721744	-48.924231880912885	33948232.01468948	2393.580465137333	4231.53993424491	3.4068511011291776	11.60663442526509	17905930.21510942	4271.861003850793	5676.168217641304	1.024531	48.51643	0.0780041	0.0440917	0.2237020204	-0.1563990219	-0.153555892	0.129834129	0.2262397389	-0.0141222512	0.2793225542	-0.0516438686	0.0011023447	-0.1836068157	-0.1314654948	0.1274555399	0.0283750388	-0.1997119997	0.0146710002	-0.1042907038	-0.1547489742	-0.164349164	0.2269597961	-0.003867027	0.0108959792	-0.1306884205	0.0737428175	0.1308800343	-0.2141766435	0.0160865106	0.1343137258	0.1066763676	-0.2417417314	0.0365366969	-0.0793155418	0.3056181885	0.0286040087	-0.197465293	0.0424116231	-0.0556253534	-0.2183628075	-0.1907884648	-0.037758214	0.2319163341	-0.033204194	-0.221099271	-0.0111114831	0.0212014302	0.0854177331	-0.0972346515	0.146255786	0.1777222432	-0.0655215163	-0.2295348728	-0.0800286463	-0.0281753269	-0.1528063857	-0.1230062478	-0.0990353434	0.1703739465	0.2948556494	0.0223157346	-0.0683295006	-0.0771042507	0.0163625402	0.2111386028	0.0291621398	0.1223699633	0.1812202536	0.0602038662	0.0910931271	0.1545086978	0.0436576402	0.1423882948	0.244625287	-0.2148879169	0.0788209642	-0.138423546	0.0959328962	-0.1635049566	0.0	0.0	-0.109714	-0.002895	8.38102500000005e-06	0.012037161796	-0.132855	0.039726	0.017650451025	0.001578155076	0.0435996	0.0028567	8.160734890000021e-06	0.00190092512016	0.00053857	0.00032722	1.0707292840000003e-07	2.900576449000001e-07	-0.00244361	0.0001878299999999	5.971229832100001e-06	3.5280108899999986e-08	-0.000278188	-0.000135478	7.738856334400002e-08	1.8354288484000005e-08	0.0
6296.235901485069	11.93839391095844	39642586.5271495	142.52524917320957	5902.458030614684	75.94689489293978	34839010.80316777	5767.930843879242	4231.6639247703415	0.123990525431509	0.0153736503967816	17906979.57220273	4275.040341585939	5750.876206670244	1.108614	52.498188	0.1090631499999999	0.0495894	0.1787481673	0.2215832936	-0.0475310062	0.0905174298	0.162452733	-0.2144486421	-0.0477855805	-0.0786782286	0.0889747738	-0.2224160667	0.0414617467	-0.2421443605	-0.0408143355	-0.1088974559	0.0633513088	-0.1366417867	0.2447835222	-0.1639681641	-0.1755432209	-0.1365804644	-0.3598937191	0.0692905022	-0.1198427673	-0.0359009314	-0.0495050127	0.0814000194	0.0133153076	-0.2677354957	0.0916744742	0.0691982315	-0.0812625778	0.0372714326	0.3165354878	-0.1307300315	-0.0146301791	-0.2404659401	0.1460652828	-0.1548835337	-0.0049667123	-0.1480856847	-0.391563794	0.1243955759	0.1106223823	0.0670874329	-0.0158896491	-0.0783249094	0.0539375871	-0.0566054023	-0.0796664711	0.211343864	0.2633703773	0.2639712518	-0.0465736743	-0.2000905863	0.0744623655	-0.2251378867	0.1762359161	0.1686870927	-0.2391710425	0.2077204774	-0.3414803505	-0.1215193782	0.1920006068	-0.076880128	0.3455393144	-0.2557304928	0.0734589366	0.0742605888	-0.2111887135	-0.243834198	-0.0012931804	0.0109269442	-0.2394293012	-0.1511487048	-0.1574818923	-0.0099153637	0.0	0.0	-0.137906	-0.0281919999999999	0.0007947888639999	0.019018064836	-0.122088	0.0107669999999999	0.014905479744	0.0001159282889999	0.0540242	0.0104246	0.0001086722851599	0.00291861418564	0.0008890159999999	0.0003504459999998	1.2281239891592988e-07	7.903494482558222e-07	-0.00279956	-0.0003559499999999	7.8375361936e-06	1.267004024999999e-07	-0.000765383	-0.000487195	5.85811136689e-07	2.37358968025e-07	0.0
6295.681902983812	-0.5539985012574107	39635610.623557866	0.3069143393954572	5879.086794449319	-23.37123616536428	34563661.536668375	546.2146798972312	4224.999538673362	-6.664386096979797	44.41404204961761	17850621.10179012	4268.523552356569	5802.057412246257	1.060106	50.201077	0.10678345	0.0591897	0.1489389469	0.0460326364	0.208252997	0.0763179135	0.1836020838	0.0448833521	-0.1509679618	-0.0156390008	0.0422227585	-0.054225584	0.0204123857	-0.1764744161	0.1194904771	-0.0804012401	0.1511526209	0.1221377272	0.0647535156	-0.1881690142	-0.2121393204	-0.0738245676	-0.2515598972	0.3761817695	0.0114073426	0.0295298954	-0.0454167837	0.1104185434	-0.1585248066	0.3683039245	-0.0503188064	-0.1578594091	-0.1417761596	0.2461881858	-0.1199250514	-0.0934490624	0.1712910766	0.0082440428	0.1337201503	-0.1567118157	-0.0791991757	-0.2104448678	-0.2490159545	0.0746940384	0.1977331818	-0.1749909026	-0.166674139	-0.3060671477	-0.1204932609	-0.0737446124	0.1333274874	-0.3250318969	-0.1868097705	-0.1798368818	-0.059016795	-0.1701797902	-0.1713089766	-0.1975940635	-0.0787763162	0.0741438445	-0.3601640839	-0.177657472	-0.28186669	-0.5442469564	-0.2271922164	-0.0122034818	-0.1290882806	0.1837633946	-0.0112662323	0.1903458779	0.2449833688	0.2258416447	-0.0082049114	-0.0096260957	0.0615647721	0.0803409417	0.005733574	0.1248682174	0.0	0.0	-0.128388	0.0095179999999999	9.059232399999995e-05	0.016483478544	-0.171137	-0.049049	0.029287872769	0.002405804401	0.0421622	-0.011862	0.000140707044	0.0017776511088399	0.000958968	6.995200000010004e-05	4.893282304013996e-09	9.19619625024e-07	-0.00337577	-0.00057621	1.1395823092900002e-05	3.320179641000002e-07	-0.000684456	8.092700000000006e-05	4.684800159359999e-07	6.549179329000011e-09	0.0
6301.9294797937655	6.247576809953898	39714315.16829372	39.03221599627373	5883.299554772615	4.212760323295697	34613213.65118765	17.74734954153447	4231.811952799243	6.812414125881332	46.40898622250752	17908232.40385454	4274.6677185535855	5802.634909391832	1.045638	49.515957	0.0953388	0.0477226	0.1432882193	-0.1807607082	0.0921006992	0.0533343272	0.1769501	0.1425676651	0.0699988049	-0.0027571504	0.1375468791	-0.072500164	-0.0550331686	0.0796770097	-0.0220987781	-0.1043172382	0.1712854754	0.0211001351	-0.160264655	-0.1226293814	-0.0669428021	0.1163846978	-0.015729063	-0.077190845	-0.1560223527	0.0655170451	-0.303382283	-0.0639807038	-0.0005298824	-0.1260448723	-0.2061212968	-0.2834074812	0.0229914391	-0.2987237163	0.1207305782	-0.105685732	0.2058078113	0.0342887436	-0.131258522	-0.0552608188	-0.1679467623	0.0237205368	-0.0951309782	-0.1631568492	-0.2059739407	-0.0352980051	0.1357304977	-0.0904899468	0.1776226462	-0.1437159749	-0.0045273261	-0.0209962012	-0.0583151279	0.1206180906	-0.0962718313	-0.1269584308	-0.240236067	0.1272838428	-0.0172980499	0.0169144028	-0.1419504293	-0.0678716768	0.1991789558	0.140807033	-0.1156052388	6.28768e-05	-0.1362417986	0.1621618437	0.0135640625	0.1442657855	-0.1001698653	0.2406891643	-0.2006298946	-0.08373014	-0.3726915751	0.065986852	0.1990597658	-0.2998702103	0.0	0.0	-0.116775	0.0116129999999999	0.0001348617689999	0.013636400625	-0.156563	0.014574	0.024511972969	0.000212401476	0.0393992	-0.0027629999999999	7.63416899999997e-06	0.00155229696064	0.000716347	-0.000242621	5.886494964100002e-08	5.13153024409e-07	-0.0026744	0.00070137	7.15241536e-06	4.919198769000002e-07	-0.000300671	0.0003837849999999	9.040305024100001e-08	1.4729092622499994e-07	0.0
6304.241568374567	2.312088580801173	39743461.75242182	5.3457536054711845	5853.284189614313	-30.015365158302306	34260935.80438888	900.9221455862278	4232.040058129901	0.2281053306578542	0.052032041874529	17910163.053616136	4273.7879893343625	5789.845876302211	1.026641	48.616352	0.06253915	0.0470575	0.1357354214	-0.0963361377	-0.199638744	0.0719500003	0.1695923225	-0.0825304642	0.2341675581	0.0160452892	0.0217703954	-0.0916979396	-0.2458781214	-0.173351481	0.0248355908	-0.1384324919	-0.0901787715	-0.1777171599	-0.0862760959	-0.1290925222	-0.0919606556	-0.0293651565	-0.2074871331	-0.0661214664	0.339400052	0.1171737164	-0.2584807116	-0.2697210651	-0.3018796632	-0.0195333402	-0.0848754747	0.0259723937	0.1634302485	-0.0952837505	-0.1680131828	-0.1254691161	-0.0566013728	-0.1185752723	-0.1929528941	-0.1036148613	-0.1126805842	0.0072787575	-0.2286141771	-0.3722307084	0.2774363296	-0.0365017249	0.1569731612	0.088800581	-0.2496231621	-0.0203421515	-0.0457569838	-0.0507894353	0.1630630826	0.0835542908	-0.115425682	-0.1260805361	-0.0161863527	0.1210924318	0.2576594552	0.1334894448	-0.0657347184	0.0355003234	0.0800223562	-0.0758481439	-0.2036672421	0.0549780958	0.1450175678	-0.178177088	-0.0812045554	-0.3701689323	-0.0315517665	0.2950190606	0.309235575	0.0805950783	-0.0226225137	-0.044567605	0.0613102356	0.1890933714	0.0	0.0	-0.121268	-0.0044929999999999	2.018704899999997e-05	0.014705927824	-0.110766	0.045797	0.012269106756	0.002097365209	0.0374682	-0.001931	3.728761000000008e-06	0.00140386601124	0.000716347	0.0	0.0	5.13153024409e-07	-0.00286089	-0.00018649	8.1846915921e-06	3.4778520100000044e-08	-0.000280798	1.9873000000000004e-05	7.8847516804e-08	3.949361290000001e-10	0.0
6311.628230576188	7.38666220162122	39836650.9210063	54.562778480859656	5895.865053874091	42.58086425977854	34761224.73349374	1813.130001109685	4231.887570480336	-0.152487649565046	0.0232524832698722	17908872.40918596	4273.983400706465	5812.784844413908	1.060857	50.236675	0.0612895999999999	0.0366804	0.0990587388	0.2069090834	-0.0507018889	-0.0003260353	0.1285285057	-0.2235859763	-0.0465556331	0.0143022725	0.1222988083	-0.0078249759	0.0568458478	-0.2013649856	0.0809666091	-0.062860946	0.1228532732	-0.1870706123	0.1394982799	0.0061489903	0.3931763837	0.1108828142	0.0295821047	0.0859385213	0.0343876619	-0.1427707099	-0.0942786792	-0.1904188444	-0.021616345	-0.131193566	0.0728397505	-0.0761598622	0.1339200003	0.0671935784	-0.0953611751	-0.0734132095	0.0176024004	-0.2315747136	0.062245336	0.0152894623	0.0597037955	0.4038986009	-0.0499035765	0.0642178631	-0.0139434761	-0.229411581	0.1287000252	0.1897517544	-0.0241510903	-0.0408651559	0.0144107465	0.0597652903	-0.1149163307	-0.0513937338	-0.038874389	-0.1435037137	0.035835264	-0.1447955338	0.1502209871	0.0618404568	-0.0771326802	0.2392586031	0.1579959361	0.2758272278	0.0299931459	0.300138398	-0.0967754411	-0.2363976266	0.0156857125	0.0856966942	0.1547678935	0.1302389049	-0.1577013524	-0.3960551514	-0.0481680486	0.15387388	0.0086459141	0.2702802572	0.0	0.0	-0.128158	-0.0068899999999999	4.747209999999991e-05	0.0164244729639999	-0.140642	-0.0298759999999999	0.0197801721639999	0.0008925753759999	0.0458494	0.0083811999999999	7.024451343999998e-05	0.00210216748036	0.000716347	0.0	0.0	5.13153024409e-07	-0.00286089	0.0	8.1846915921e-06	0.0	-0.000603646	-0.000322848	3.64388493316e-07	1.0423083110400001e-07	0.0
6314.817512268272	3.189281692084478	39876920.213250056	10.171517711465231	5897.505778400218	1.6407245261270873	34780574.40626396	2.691976970634955	4228.092501536723	-3.795068943612932	14.402548286775378	17876766.201551065	4271.18165940264	5874.94929489784	1.02134	48.365353	0.0750404999999999	0.0446644	0.0798270491	0.0894010554	0.1846312325	-0.0451720039	0.1044992924	0.0806459721	-0.2020955679	0.0530035004	0.0833581435	0.1824788392	-0.0936805082	-0.0845364069	0.077697089	-0.0326376167	0.2379539009	0.0990194011	0.1183181051	0.0205890638	0.2123225789	-0.0073800245	-0.1432884937	0.1868118708	0.1871551581	-0.1530966953	0.0747910988	-0.2047571156	0.1859163849	-0.0763607966	-0.1190312471	-0.1805247025	-0.010051745	-0.0805854316	0.0318875986	-0.0363298291	0.1853659192	-0.0134129908	0.1984422176	-0.0196962153	0.0438221711	0.2196034092	-0.10435106	0.0233358308	0.2607552397	-0.1815526907	-0.0399029993	0.2074344708	0.1928840037	-0.0866998863	0.177314649	-0.0117786977	-0.1071961046	0.1432552631	-0.0156492182	-0.1442089523	-0.1132611179	-0.1729454187	-0.0737896895	0.0482728984	-0.1486571024	0.1365079256	0.1543485776	0.0643487629	-0.2533403671	0.3967237193	-0.0953242104	-0.0596831492	-0.4338984513	-0.1517157313	-0.075948933	-0.327259378	-0.0982270419	0.2820348063	0.1250829055	-0.0648613912	0.0608019963	-0.2545848327	0.0	0.0	-0.122442	0.0057159999999999	3.267265599999999e-05	0.0149920433639999	-0.181997	-0.041355	0.0331229080089999	0.001710236025	0.0423475	-0.0035018999999999	1.2263303609999969e-05	0.00179331075625	0.000872357	0.00015601	2.4339120100000014e-08	7.610067354490001e-07	-0.00271306	0.0001478299999999	7.360694563600001e-06	2.185370889999995e-08	-0.000418134	0.0001855119999999	1.74836041956e-07	3.4414702143999993e-08	0.0
6316.415630150688	1.5981178824158633	39897106.41281191	2.553980766097363	5911.3812018377575	13.875423437539212	34944427.71344081	192.52737557101247	4228.99731680778	0.9048152710574868	0.8186906747388334	17884418.305567406	4273.572195412272	5889.077546070037	1.049513	49.699448	0.0775709499999999	0.0407546	0.0783132325	-0.2109747976	0.0839524741	-0.0793412427	0.0837633401	0.2087338634	0.0587089524	-0.0024094163	0.1333308864	0.1835192421	-0.0693337213	-0.198928975	0.2957268242	-0.0033278344	0.1819236059	0.0249066843	-0.2380337202	0.1514622707	0.0806620087	-0.0087220976	-0.0581988036	-0.0265683454	0.07921897	-0.2657768748	-0.1629478731	-0.0899011004	0.006854565	0.1145581104	0.0777049892	0.1178881655	-0.2035670127	-0.1501551713	0.2622469048	-0.0215389612	0.2119773199	0.0973237945	-0.1650552078	0.1370674816	0.0478735578	0.1464481086	0.0122360424	0.0239156105	0.1721204916	-0.0496350667	0.2300751049	0.0316606051	0.0195256808	0.1517832716	0.0997670432	-0.0111140877	0.1746249234	0.1079218595	0.0397187618	-0.1717239017	-0.1288310055	0.1896903502	-0.1087713504	-0.1641236634	-0.1708406966	0.3301635229	0.2677623809	-0.0422742132	-0.0144941637	-0.0962954123	-0.0281577429	-0.0361966055	0.1933020464	0.080503668	-0.101520519	0.1485359669	0.006323329	0.3524405399	0.2107217916	-0.1640884555	-0.0860816694	0.1876180081	0.0	0.0	-0.146979	-0.024537	0.000602064369	0.021602826441	-0.175767	0.0062299999999999	0.030894038289	3.881289999999982e-05	0.0417767	-0.0005708	3.2581264000000373e-07	0.00174529266289	0.00101331	0.0001409529999999	1.986774820899996e-08	1.0267971560999998e-06	-0.00316435	-0.0004512899999999	1.0013110922499998e-05	2.0366266409999966e-07	-0.0007505539999999	-0.0003324199999999	5.633313069158498e-07	1.105030563999335e-07	0.0
6315.0608729661135	-1.354757184574737	39879993.82926753	1.835367029156868	5949.791364734299	38.410162896541806	35400017.28386684	1475.3406137388768	4226.7642637788085	-2.233053028971881	4.986525830200492	17865536.14155761	4272.825845441364	5897.327848228989	1.111631	52.641048	0.1008798	0.0494005	0.0837010592	0.1488331025	-0.2215931942	-0.0650793277	0.0458406376	-0.1958690744	0.080000655	0.0201240385	-0.0564314822	0.2854854362	0.1215629924	0.02975357	-0.0493258184	0.0114748975	0.0184592755	-0.2856651182	0.1174293989	0.1924268652	0.1981520339	-0.4245383841	0.0282960083	-0.0666555853	0.0726312711	0.0975340265	-0.0708489601	0.1099919433	0.116885481	-0.191351516	-0.0149260691	0.0078576061	-0.186775814	0.0968375384	0.046816668	-0.0114938318	-0.0664167566	-0.2743848029	-0.0210626077	0.1230866558	0.4516395813	0.1056903463	0.0869191347	-0.1662782046	-0.01104692	0.1871444014	-0.1154206332	-0.0136124434	0.1912543751	-0.0255869446	-0.0986943766	9.22899e-05	0.0147997788	-0.0843306589	0.0655333566	-0.1801698525	0.2199235161	-0.008848956	0.1461341573	-0.2472661705	-0.0018784097	0.2514183229	0.2236680733	-0.2827865317	0.114344979	-0.0659678216	0.0421860251	0.4232112481	-0.0690162438	-0.1445501587	-0.0121674528	-0.1714195487	-0.0120262154	-0.2395813194	-0.0870989909	0.0755066483	-0.0966702998	-0.1235897276	0.0	0.0	-0.162853	-0.015874	0.0002519838759999	0.026521099609	-0.142322	0.033445	0.020255551684	0.001118568025	0.0350817	-0.0066949999999999	4.4823025e-05	0.00123072567489	0.00154903	0.00053572	2.8699591840000017e-07	2.3994939409e-06	-0.00323628	-7.193e-05	1.04735082384e-05	5.1739249e-09	-0.00104022	-0.000289666	1.0820576483999995e-06	8.39063915560579e-08	0.0
6309.430975239227	-5.629897726886156	39808919.23130823	31.695748415197908	5929.642784081795	-20.14858065250428	35160663.5468133	405.9653023104698	4228.663067985463	1.8988042066548587	3.605457415210188	17881591.34254423	4273.024909455781	5856.852156735551	1.059497	50.172241	0.0611275999999999	0.0257513	0.0793043259	0.0866477532	0.1337860935	-0.1563637933	0.0782740106	-0.00303992	-0.1786744539	0.0927328254	0.1019730506	0.4159094471	0.12359338	0.2088936835	0.2250261304	0.1077162059	0.2043689376	0.0165760006	0.0871849102	0.0700115784	0.0300944506	0.0084999054	0.1322101826	-0.0642758116	-0.081989455	-0.0747673392	0.0563338218	0.0591243659	-0.3112386978	-0.027654049	-0.0101405389	0.0006638673	-0.2898332063	0.1838655946	-0.1520788083	0.072332643	0.1501059193	-0.0697798266	0.1249179587	0.1222307976	0.0059607726	0.00780952	0.0698593112	0.1124940949	-0.0643572111	-0.0410293643	0.1522701399	0.0186307405	-0.1065935012	-0.2139241274	-0.1028716065	-0.2195371492	0.1233654059	-0.2652790482	0.113983232	-0.1620106548	0.1143778954	-0.0359433069	-0.2036982583	-0.2057411752	-0.0252087121	0.1123809936	0.1473793024	0.0187787563	-0.0497254664	-0.2350365228	-0.1515649999	-0.1730506018	0.0687020313	0.224952848	0.3027499033	-0.1500288273	0.2116992444	-0.1234972489	0.1346019407	-0.1004864184	0.0914995502	0.040525639	0.0	0.0	-0.158033	0.0048199999999999	2.3232399999999917e-05	0.024974429089	-0.151205	-0.008883	0.022862952025	7.890768900000003e-05	0.0461853	0.0111035999999999	0.0001232899329599	0.00213308193609	0.00187529	0.0003262599999999	1.0644558759999993e-07	3.5167125841e-06	-0.00340174	-0.00016546	1.15718350276e-05	2.7377011600000028e-08	-0.00127492	-0.0002347	1.6254210063999998e-06	5.5084090000000014e-08	0.0
6306.456192503318	-2.974782735909685	39771389.70796344	8.849332325866309	5917.829270318319	-11.813513763476294	35020703.27263624	139.55910743984384	4226.575843250034	-2.0872247354291176	4.3565070961871495	17863943.358744737	4270.746535384461	5849.466862950761	1.022801	48.434525	0.025815	0.0152907	0.1025385029	-0.1735961337	0.055535156	-0.1679362927	0.0644531754	0.2292078963	0.0320788706	-0.0167774249	0.0710253572	0.1614146195	0.0038390765	-0.085950567	0.0303112686	0.108452721	0.21485452	-0.0662126078	-0.1958927023	0.0751117095	-0.2530071063	-0.1183406748	0.237225473	-0.1459740383	-0.2138946477	-0.1654000574	-0.0028269296	0.0744490862	0.0903519145	-0.1259965225	-0.206162638	-0.1831994121	0.0838236512	0.1233455678	0.06324318	0.0643289702	0.2359877978	-0.0091530181	-0.1306300383	0.1303618689	0.0402131179	-0.281619953	0.1420329243	0.0560877047	-0.1755540275	-0.0742662134	0.1867856649	-0.0653098234	0.2250793673	-0.1333503322	-0.1058516698	-0.0868176709	-0.0687613876	0.3640420806	0.1192781481	-0.1445116359	0.0909102678	0.1979182447	-0.2419720236	-0.2179794311	-0.0704811034	0.0580388195	-0.087588262	0.0174250353	-0.0249120746	0.040051517	0.0636859377	-0.1693902477	0.195933557	-0.1166710186	-0.2309429189	0.0515514133	-0.3481282692	-0.0352716895	-0.0347082061	0.0661446259	-0.0080442998	0.2229751436	0.0	0.0	-0.157944	8.900000000000574e-05	7.921000000001023e-09	0.024946307136	-0.146451	0.004754	0.021447895401	2.260051600000008e-05	0.0454223	-0.0007629999999999	5.821689999999997e-07	0.0020631853372899	0.0020893	0.00021401	4.5800280100000064e-08	4.3651744900000006e-06	-0.00359191	-0.0001901699999999	1.2901817448099998e-05	3.6164628899999976e-08	-0.00127492	0.0	1.6254210063999998e-06	0.0	0.0
6299.457439095656	-6.998753407661752	39683164.0269776	48.982549261256985	5922.480964992357	4.651694674038481	35075780.7806968	21.63826334047797	4219.557301026276	-7.018542223758232	49.25993494667714	17804663.81664415	4264.060865015177	5824.262242288093	1.077587	51.0289	0.0479933999999999	0.0210029	0.1152468946	0.1520115687	-0.2101664867	-0.1711191106	0.0836711609	-0.2284103643	0.0746534042	0.0169879244	0.0034653794	0.3456598543	0.0993251577	-0.056612855	-0.0710092173	0.0552021339	0.0845823294	-0.290636156	0.0635780496	0.1313676081	0.0016743135	0.0817737809	0.0867876172	0.0461069129	0.0107014953	0.2455538366	0.1026199316	0.3070137593	0.0194753375	0.151140019	-0.1868002286	-0.0650758265	0.2642771792	0.0057875501	-0.1004485889	0.0148921889	-0.0028088354	-0.2871690402	-0.0360185929	0.1499206849	-0.0026582954	0.0330956872	0.1636603787	0.014619785	-0.0676415755	0.1513655632	-0.2120978829	-0.2587292069	-0.0258318351	-0.0546933034	-0.0684568863	-0.0608217583	-0.2549106052	-0.0338141591	0.1081737063	-0.1625877485	0.2962941146	0.0162643645	0.0304323054	-0.1247481537	0.0875377273	0.0559213415	0.0385126097	-0.0553956053	0.03816466	-0.0489226397	0.0424854609	0.1277879498	-0.1292139012	-0.0703623251	0.0521168231	0.0535115984	0.1214641168	0.0702178419	-0.1542819615	0.2032283258	-0.0302974611	-0.1524187431	0.0	0.0	-0.164647	-0.0067029999999999	4.493020899999982e-05	0.0271086346089999	-0.135965	0.0104859999999999	0.018486481225	0.0001099561959999	0.0511397	0.0057174	3.268866276000005e-05	0.00261526891609	0.00216362	7.432000000000012e-05	5.523462400000017e-09	4.681251504400001e-06	-0.00333254	0.0002593699999999	1.11058228516e-05	6.727279689999982e-08	-0.00144297	-0.00016805	2.0821624209e-06	2.8240802500000036e-08	0.0
6297.883710193783	-1.5737289018725278	39663339.22712421	2.476622656588912	5944.806053321335	22.325088328977472	35340719.011605985	498.4095688966461	4220.641656171039	1.0843551447633215	1.1758260799746845	17813815.989806212	4265.817605241478	5808.200123739556	1.019657	48.285637	0.0223497	0.0111194	0.1302167126	0.0908685815	0.1186933135	-0.2029255935	0.0748944649	0.0169423228	-0.183951084	-0.001315367	-0.006846202	0.1820300145	-0.0342283715	0.147492175	-0.3760525608	0.1038393089	0.2721174268	-0.0879936009	0.1173774249	0.1009037976	-0.0534770264	0.1409148528	-0.0359100511	-0.1608556529	0.0763132926	-0.0407662503	0.2664051006	0.0403690788	-0.1581373194	0.0986286787	0.0297486797	0.0452466428	0.0590734118	-0.1222798374	-0.0193728375	0.0603172906	0.2017882382	-0.141490027	0.1368985014	0.1606663546	-0.0806570219	0.0012082861	0.1430456384	0.1934050696	0.0636361102	0.1760449881	0.0187737687	0.1131550056	-0.2095298012	-0.0119780979	-0.0791577712	-0.0513852923	0.0231511271	-0.0202997035	0.103442047	-0.161711741	0.1552488592	-0.0611868132	-0.2176847892	-0.0975576294	0.081275023	-0.0683854134	-0.0753797786	0.0674378715	-0.0929888131	-0.0390067602	0.1010427632	-0.0324863984	-0.0124093313	0.2020965939	-0.0514907596	-0.060835907	0.0531200454	-0.0458925288	0.0494259229	0.0182438421	0.2178030463	-0.1868902312	0.0	0.0	-0.160069	0.0045779999999999	2.0958083999999988e-05	0.0256220847609999	-0.14297	-0.007005	0.0204404209	4.907002500000016e-05	0.04397	-0.0071697	5.1404598090000016e-05	0.0019333609	0.00210965	-5.3970000000000407e-05	2.912760900000044e-09	4.450623122499999e-06	-0.00333254	0.0	1.11058228516e-05	0.0	-0.001425	1.7969999999999965e-05	2.030625e-06	3.2292089999999874e-10	0.0
6291.881636986409	-6.002073207374451	39587774.53384677	36.024882786682234	5900.017753908216	-44.78829941311869	34810209.49643215	2005.9917643191684	4224.095539635761	3.453883464721912	11.929310987879438	17842983.127970733	4268.987178728651	5761.598520371387	1.048793	49.665371	0.0378942999999999	0.0192011	0.1588350696	-0.2062321879	-0.1465277494	-0.1947404243	0.0917421856	0.113899234	0.2083500975	-0.035111173	-0.0940550605	0.2151757529	0.0319232865	0.1637085853	-0.0479746857	0.0477321994	0.0335104848	-0.260400596	-0.2400394541	-0.0173804508	-0.1599877906	0.220016943	0.0632614903	0.0657879055	0.0710749418	-0.179624825	0.198136187	-0.1117871222	0.2712118939	0.1814714967	-0.1024366714	0.2607758986	0.0173166626	-0.0056438268	-0.149311691	0.0181934571	0.0662392217	-0.1124408319	-0.3103232105	0.0884330058	-0.1906682487	-0.1082584475	0.1768649668	0.278369347	0.0722577626	-0.0714021337	-0.0774907846	0.1623336667	0.0964105283	0.3736368961	0.0285601673	-0.0927314408	0.0499933437	-0.0382804673	0.0856423585	-0.1348458108	0.1232520579	0.2753037582	-0.0615127486	-0.0781462134	0.1217867441	-0.297617413	-0.0988859873	0.0034347842	-0.0360109385	0.1951615889	0.0690833531	-0.0890577194	-0.0596357308	0.0417778735	-0.0013484908	0.099578946	0.107846651	0.1528071951	0.0586284871	0.1231490584	-0.2659721814	-0.0535690895	0.0	0.0	-0.153868	0.0062009999999999	3.845240099999981e-05	0.023675361424	-0.156667	-0.0136969999999999	0.024544548889	0.0001876078089999	0.0351277	-0.0088423	7.818626929000008e-05	0.0012339553072899	0.00207665	-3.299999999999961e-05	1.088999999999974e-09	4.312475222500001e-06	-0.00333254	0.0	1.11058228516e-05	0.0	-0.00127492	0.00015008	1.6254210063999998e-06	2.252400640000004e-08	0.0
6287.791644424338	-4.08999256207062	39536323.76369253	16.728039157792992	5902.678891536694	2.6611376284781727	34841618.09659286	7.081653477702433	4217.809143084111	-6.286396551649887	39.51878160459558	17789913.967483927	4261.315255657891	5750.815697356657	1.099857	52.083519	0.0757709	0.0371625	0.1388840193	0.2530576461	-0.0492596409	-0.1904548543	0.1222264076	-0.2380307775	-0.0986389852	0.0157469313	-0.0171643371	0.005076714	0.109611619	-0.1931743198	0.0170448759	0.0967134542	0.1226144604	-0.1338611329	0.2362052508	0.0229175246	-0.1313841907	-0.0681631877	-0.1941733348	-0.0781856108	0.0756629272	-0.2378464685	0.036478089	-0.1690908825	0.1269921005	0.1555965151	-0.024459374	0.1727238303	0.024616988	0.1065797372	-0.0068405588	0.0529127697	0.0166534122	-0.2525727384	0.1483949252	0.0770755586	0.0257668241	-0.147557663	-0.143425098	0.1550191561	0.207231431	0.1043711136	0.100675504	0.1936099889	0.0745964806	0.243426147	-0.0050553673	-0.0923140968	-0.2111778461	-0.148313082	0.0999598936	-0.1492201442	0.17704065	-0.1548012873	-0.0101098745	0.0214020316	0.1031478549	-0.1703172609	-0.1098017414	0.0206111353	0.2263044783	0.1137708263	-0.0094694216	-0.0531920033	0.036638407	-0.0971762509	-0.1351766623	0.1813009349	0.0908367245	0.0495095314	0.1502468764	0.0828964931	0.2618968897	-0.071848354	0.0	0.0	-0.161424	-0.007556	5.709313600000011e-05	0.026057707776	-0.147037	0.00963	0.021619879369	9.27369e-05	0.0536821	0.0185544	0.00034426575936	0.00288176786041	0.00171044	-0.00036621	1.341097641000002e-07	2.9256049936e-06	-0.00371448	-0.0003819399999999	1.37973616704e-05	1.458781635999999e-07	-0.00132738	-5.246000000000005e-05	1.7619376644e-06	2.752051600000005e-09	0.0
6291.670421525663	3.8787771013248857	39585116.693100914	15.044911801762282	5889.1093168151165	-13.569574721577736	34681608.54539861	184.13335812448156	4223.243585218356	5.434442134244819	29.53316131045538	17835786.380087994	4265.11660872617	5731.53683006314	1.025054	48.541233	0.0497438	0.0295557	0.1442595561	-0.021975034	0.1368398702	-0.2535848184	0.1527844281	0.0736180168	-0.0998063949	0.0450025456	0.1252517091	0.0141926237	-0.0629280316	0.2994591843	-0.2425509834	0.0783345591	0.1784697133	-0.0874991085	-0.070276695	0.1449995247	-0.0743668975	0.1154118823	-0.004654949	0.0148458771	-0.0618796791	-0.0829016603	-0.1832517952	0.094753113	-0.1047759411	-0.0869400395	0.2143737921	0.1478389104	0.2789351593	0.0460623974	-0.1155905767	0.0506209569	0.2167404399	-0.0890552413	-0.0217709824	0.1919656674	-0.0478845739	-0.0267460684	0.0046989014	-0.0071469664	0.0071352301	-0.0320600919	0.1696486408	-0.1421685361	-0.1288263452	0.1079114387	-0.0380861515	0.3278694977	-0.0851993668	-0.1014570314	0.1034003439	-0.1579493283	0.0795035518	-0.0024437962	-0.2112280086	0.0813094215	0.1194056364	-0.2155095263	-0.0724939519	0.0453860194	-0.0451160002	0.1389556239	0.022533989	-0.0941119822	-0.0216618447	0.0579291507	-0.0635780148	-0.0597328203	0.2093025452	-0.0756501662	-0.0281087704	0.0477915624	-0.0536920311	-0.0149550302	0.0	0.0	-0.157809	0.003615	1.306822500000005e-05	0.024903680481	-0.156723	-0.009686	0.024562098729	9.3818596e-05	0.0607179	0.0070357999999999	4.9502481639999925e-05	0.0036866633804099	0.00171908	8.64000000000008e-06	7.464960000000138e-11	2.9552360464e-06	-0.00318573	0.00052875	1.01488756329e-05	2.7957656250000015e-07	-0.00137813	-5.0750000000000014e-05	1.8992422969e-06	2.575562500000001e-09	0.0
6299.987397188239	8.316975662575715	39689841.20473064	69.17208417187675	5881.417544796463	-7.691772018653864	34591072.33623965	59.163356786946544	4224.229929781686	0.9863445633300216	0.9728755976106912	17844118.49966339	4265.568552949004	5742.763626668212	1.009763	47.817123	0.0613151	0.0304894	0.1118204971	-0.1909945674	-0.0766228845	-0.225199084	0.1244859656	0.1360652472	0.1963410271	0.0955846806	0.1376687276	0.0889495245	-0.0016170065	-0.1165746756	-0.0756556824	0.1149526447	-0.0109734536	-0.0677379187	-0.1216257763	-0.0030876722	-0.293010874	-0.1868892216	0.0216184784	0.254451698	-0.0899179814	-0.0781160007	-0.0145086091	0.1500892592	-0.0423366947	-0.1654489217	0.0690978795	0.1934508696	-0.2633545168	-0.2943785127	-0.1140711848	0.1013233162	0.0890218603	-0.0416282473	-0.1614096713	0.0448841488	0.1060439877	-0.3425809528	-0.0336432497	0.0615038804	0.0775074925	-0.2024678048	-0.0959902776	-0.1114609708	0.0816520628	-0.0524587305	-0.1157013334	0.1719286742	0.4272830448	-0.1931533345	0.112970944	-0.1270324886	-0.0120255794	0.2090357283	-0.0883028561	0.1405117619	0.0674673926	-0.1256267642	-0.1261465429	0.0226871239	0.1422098458	0.126604304	-0.1554865778	0.0404085707	0.0835978247	-0.2082562928	0.1447177232	-0.0074784134	-0.2513044112	0.0081541974	0.0629494177	-0.0954373114	-0.2512038596	0.0233349876	0.0	0.0	-0.153877	0.0039319999999999	1.546062399999993e-05	0.023678131129	-0.179169	-0.0224459999999999	0.032101530561	0.0005038229159999	0.062297	0.0015791	2.49355681e-06	0.003880916209	0.0014036	-0.0003154799999999	9.952763039999996e-08	1.9700929600000003e-06	-0.00333254	-0.00014681	1.11058228516e-05	2.1553176100000075e-08	-0.00117326	0.00020487	1.3765390276e-06	4.19717169e-08	0.0
6311.219555345486	11.232158157246886	39831492.27577527	126.16137686940776	5924.886827650085	43.46928285362264	35104283.92046149	1889.578551808252	4220.888429584462	-3.341500197224377	11.165623568050552	17815899.134999983	4263.3091605922045	5785.315787826164	1.054861	49.952717	0.0765806	0.0425909	0.0498378501	0.1248555461	-0.2294349709	-0.1897545594	0.0508069165	-0.2735728232	0.0753626016	0.0519174934	0.1781809774	0.0886866117	-0.0466504907	0.182074192	-0.0156755798	0.1129237953	-0.061085031	-0.2929330573	0.0383715545	0.0847987366	-0.0304170562	0.1024232876	0.091458406	-0.1229285719	-0.0168170217	0.1753381169	-0.104013542	-0.0416827918	0.0510936295	0.2448534418	0.0358390161	-0.1389660398	-0.2450484485	-0.113057923	-0.0679183071	0.1005545217	-0.0915699476	-0.2845772853	-0.107449256	0.0951926933	-0.112725566	0.0558220409	0.0667711685	-0.1589622013	-0.1517446092	0.0776448336	-0.0123061567	-0.1042664865	0.0179953923	0.0611824087	0.23639412	-0.1986980516	0.1697070659	-0.0307277943	0.1214948815	-0.0787058161	0.1432179692	0.0049157181	0.1641760681	0.201050291	0.0377448655	-0.2857223961	0.2205093125	-0.0315417895	0.0937068758	-0.0243742324	-0.2223767715	0.1992361443	-0.0832128714	0.0718616701	-0.071031976	-0.1105811432	-0.0048445144	0.0791920687	-0.1995962449	-0.2355413339	0.0754306666	0.2798991282	0.0	0.0	-0.146038	0.007839	6.14499210000002e-05	0.021327097444	-0.186392	-0.007223	0.034741977664	5.21717290000001e-05	0.0521974	-0.0100996	0.00010200192016	0.0027245685667599	0.00204852	0.0006449199999999	4.1592180639999974e-07	4.196434190399999e-06	-0.00295526	0.00037728	8.733561667599999e-06	1.423401984000002e-07	-0.00116708	6.179999999999944e-06	1.3620757264e-06	3.819239999999931e-11	0.0
6325.660313058418	14.440757712932282	40013978.396202326	208.5354833236132	5941.763041571527	16.876213921441376	35304548.04218532	284.8065963222517	4226.022510810171	5.134081225709451	26.358790032182263	17859266.261874303	4268.723498622785	5879.19871729195	1.038797	49.19202	0.0879907999999999	0.0478904	-0.0146493082	0.1037329398	0.1551321461	-0.198437687	0.0158770198	-0.0098836637	-0.1871871387	0.1308379742	0.1833650579	-0.0586254991	-0.0920849902	-0.0611690661	0.106139956	0.2190069832	0.0929359089	0.1113823514	0.1166620714	0.2804315126	-0.0655080339	0.0432381953	-0.0847408093	-0.043868781	0.1511134793	0.382494855	0.0040673903	-0.0201415357	-0.0894714402	-0.1139412743	0.1004542512	0.0085143946	0.1765986053	-0.0882754461	0.1615988276	0.2056272763	0.096436574	-0.0202108153	0.1664281453	0.2287206208	-0.0799471174	0.0112838753	0.0096731528	-0.3315446181	0.0347810148	0.1729199953	-0.1798079325	0.0367516322	-0.1637856257	-0.1134541174	-0.069769584	0.1344754139	-0.1288839201	0.1551541959	0.1395336397	-0.0544001437	0.0002386539	-0.1432110562	-0.0950674679	0.2212338335	0.1258732375	-0.0708926076	0.1175698649	0.0712223526	-0.0799976213	-0.2821733284	0.063141064	-0.0835689478	0.0910473397	-0.1004536956	0.177048151	0.045314749	-0.0986863087	-0.021264886	-0.2641574619	-0.3657643642	0.0390100558	-0.0957325222	0.0	0.0	-0.146506	-0.0004679999999999	2.1902399999999647e-07	0.0214640080359999	-0.153749	0.032643	0.023638755001	0.001065565449	0.0627532	0.0105557999999999	0.0001114249136399	0.00393796411024	0.00156822	-0.0004802999999999	2.306880899999999e-07	2.4593139684e-06	-0.00333254	-0.00037728	1.11058228516e-05	1.423401984000002e-07	-0.00119598	-2.889999999999989e-05	1.4303681604e-06	8.352099999999935e-10	0.0
6335.991736664792	10.3314236063743	40144791.287084535	106.73831373434815	5972.090207012379	30.327165440852696	35665861.44069316	919.73696367685	4232.147801034774	6.125290224602395	37.51918033560966	17911075.00980347	4274.401352752188	5921.108977344064	1.017147	48.166775	0.08321075	0.0654687	-0.0663305751	-0.0936700064	0.1468493152	-0.1684502664	-0.0323836933	0.1952646022	-0.0491861273	0.1505023831	0.1274469111	-0.109068291	-0.075646743	-0.0974726477	0.0633018242	0.1787919392	0.0152690664	0.1416726122	-0.1249035019	-0.0718374691	0.0483398656	0.0816628953	-0.2268458193	-0.0442793715	0.1329603079	0.1987805128	-0.0583885412	0.1513254737	0.0751847247	-0.010955688	-0.0343258521	0.1035272707	-0.0480089003	0.223293976	-0.1692491204	0.2045318943	0.1079242992	0.149000071	-0.0407239832	-0.046653254	-0.1138827384	0.0954282153	-0.1618788071	-0.0963595043	0.0947909041	0.1703862152	-0.1024380667	-0.1362452683	0.0271833264	0.0555983375	-0.0845959304	0.0190939777	-0.06706144	-0.1827154757	0.166833755	-0.0065666825	-0.2080467981	0.0180100994	-0.070202676	0.2623780505	0.1579730691	0.0472643069	0.0325926204	-0.0350297401	0.0788036618	0.0033734892	0.0915890962	0.214962248	-0.036899717	-0.0095871816	-0.1387375953	0.0255710611	-0.1676450274	-0.1282686906	0.2168741115	-0.038201557	0.0302182297	0.1368723345	0.0	0.0	-0.145211	0.0012949999999999	1.6770249999999757e-06	0.021086234521	-0.218323	-0.0645739999999999	0.0476649323289999	0.0041698014759999	0.0640865	0.0013333	1.7776888900000253e-06	0.00410707948225	0.00156822	0.0	0.0	2.4593139684e-06	-0.00322209	0.00011045	1.03818639681e-05	1.2199202500000049e-08	-0.000986261	0.0002097189999999	9.72710760121e-07	4.3982058960999975e-08	0.0
6345.084797732068	9.093061067275812	40260101.0904106	82.68375957320713	5979.996098968334	7.905891955954758	35760353.34367649	62.50312761923014	4232.100151370729	-0.0476496640449113	0.0022704904835929	17910671.691232145	4274.612033640081	5963.082823757352	1.012844	47.963005	0.0699273	0.050366	-0.0973437252	-0.1704354214	-0.1188774503	-0.1479262715	-0.0753068063	0.0874331407	0.2424174949	0.1761976998	0.1346794002	-0.0554935233	0.2259246931	-0.1236699215	-0.1049205618	0.2177785128	-0.1620894367	-0.0762967934	-0.17772146	-0.0182901087	-0.0049478563	-0.1987856792	-0.0649646939	0.2308872665	-0.1893500843	0.2983036431	-0.0134890638	-0.1522698412	0.0798969311	0.1519569605	0.0215439954	-0.0236737212	0.0902326991	-0.2281964483	0.0351499561	0.2228972945	-0.0486272532	0.0076911033	-0.2256502998	-0.044085837	0.1863220841	-0.0828548196	-0.2636734858	-0.0648231978	-0.1609226795	-0.0433437594	-0.2859646238	-0.0449422741	-0.0966602779	0.1215164717	0.156783257	-0.0018789245	-0.0350359565	0.0495397581	0.1762053254	0.0500360548	-0.0621243417	0.2069745777	0.0580510393	0.1977401757	0.0253057475	0.1076556292	-0.1752052739	-0.0071493122	0.1618625025	-0.0359784634	-0.1773268931	0.0825992473	0.0158615668	-0.0173454237	0.0307338285	-0.0343847064	-0.0699077446	-0.0330003865	-0.1156354966	0.0382472122	-0.0767358355	-0.0674769329	0.0	0.0	-0.143379	0.001832	3.356224000000001e-06	0.020557537641	-0.16947	0.0488529999999999	0.0287200809	0.0023866156089999	0.0626889	-0.0013975999999999	1.9532857599999966e-06	0.00392989818321	0.00180482	0.0002366	5.597956e-08	3.2573752324e-06	-0.00333254	-0.00011045	1.11058228516e-05	1.2199202500000049e-08	-0.000976417	9.843999999999955e-06	9.53390157889e-07	9.690433599999911e-11	0.0
6355.739091752905	10.65429402083646	40395419.40243604	113.51398108243154	5990.1585091853485	10.16241021701444	35881998.96516564	103.27458141887948	4233.732806436319	1.6326550655903702	2.665562563197896	17924493.47629515	4275.358933076051	6019.714088186542	1.050766	49.758797	0.11809595	0.0661234	-0.1625239298	0.0850200271	-0.21843308	-0.1096374585	-0.1132682536	-0.2055125144	0.171783818	0.1274031247	0.1175713141	-0.0854850267	-0.0453497417	0.0142333529	-0.2167246682	0.1574373977	-0.1889783083	-0.0979627967	0.1736704191	-0.1216440471	-0.0661661421	-0.0186675712	0.1937193615	0.1493883144	0.0200761022	-0.1455696043	-0.1130176235	0.0358288029	0.0367328364	-0.0371684817	-0.0387551325	-0.2323142941	0.008841306	0.1699416695	0.129917061	0.1845776192	-0.220539361	-0.1459928648	0.017680558	-0.090835883	-0.0042884402	-0.0996169263	0.0997428623	-0.0188401672	0.0273414021	-0.2884557647	0.0409304971	-0.0877122162	0.1396280129	-0.139754183	0.1333907652	0.0863269678	-0.1100936684	0.1440309885	0.1646043552	0.107581374	0.1558454253	-0.0005087855	0.2303794255	0.2462452532	0.0381710037	0.0596296914	-0.0532308851	0.0188937455	-0.3233810868	-0.2670354181	-0.061732412	0.0076312826	0.0394808353	0.1129498809	-0.2427856783	-0.0711855012	-0.028960129	-0.0392520198	0.3733697947	0.1911300472	0.1724164182	0.0310361473	0.0	0.0	-0.149752	-0.0063729999999999	4.061512899999987e-05	0.0224256615039999	-0.110575	0.058895	0.012226830625	0.003468621025	0.0523651	-0.0103238	0.00010658084644	0.0027421036980099	0.00223909	0.00043427	1.8859043290000006e-07	5.0135240281e-06	-0.003656	-0.0003234599999999	1.3366336e-05	1.0462637159999989e-07	-0.00106877	-9.235299999999988e-05	1.1422693128999995e-06	8.529076608999978e-09	0.0
6364.982487627644	9.24339587473969	40513002.067806594	85.44036729715472	6018.209906868313	28.051397682964307	36218850.48312791	786.8809119678153	4234.03682767496	0.3040212386404164	0.092428913544453	17927067.858107835	4277.074670422675	6086.649118290894	1.024575	48.518543	0.0793428999999999	0.0585946	-0.2072313518	0.1065172267	0.1118023058	-0.1218407696	-0.1462117383	-0.0720411072	-0.1347060114	0.185415666	0.1494111648	-0.1563970309	-0.1456333582	0.1104001199	0.1595267327	0.2391464527	0.0272388405	0.1725482946	0.0787950282	0.0093823762	0.2287917966	0.077908332	0.1573879016	0.2181973567	0.0388931318	0.0076959176	-0.1512858252	0.0080678972	0.0173374064	-0.0503383957	0.1440599265	-0.2399467821	-0.0960452817	-0.0948582882	-0.3106656598	0.2538756644	0.0100577718	0.0581640215	0.1502536961	-0.0252481239	0.0182812909	0.2439341847	0.0600659146	-0.1135261545	-0.0801808876	-0.2917018488	-0.0391149845	-0.0533403458	0.0808816568	-0.2196439044	0.1697168589	0.046568214	0.1050313796	-0.1535104802	0.2000233181	0.1150628289	-0.0476587159	-0.1370402711	-0.0063334935	0.2017593888	0.1063001652	0.0738815879	0.0840002911	0.1040375999	-0.1511572589	-0.1123124538	0.2018154432	-0.0494621934	0.0523038825	0.0470950805	0.1895920732	0.0666112487	-0.060122955	0.2144024908	0.0196722417	0.0122124942	-0.0718050367	-0.1633082511	0.0	0.0	-0.14604	0.0037119999999999	1.3778943999999947e-05	0.0213276816	-0.168211	-0.0576359999999999	0.028294940521	0.0033219084959999	0.0523317	-3.339999999999593e-05	1.1155599999997283e-09	0.00273860682489	0.00211824	-0.00012085	1.4604722500000008e-08	4.4869406976e-06	-0.00348347	0.00017253	1.2134563240899998e-05	2.9766600900000058e-08	-0.00100292	6.584999999999989e-05	1.0058485264e-06	4.3362224999999865e-09	0.0
6367.224961716023	2.2424740883789127	40541553.713099614	5.028690037050835	6057.7443790896505	39.53447222133764	36696266.962392256	1562.9744938197173	4239.676035898056	5.63920822309683	31.800669383442905	17974852.88936826	4286.3542046001085	6116.73012042545	0.991294	46.942509	0.0912658499999999	0.0505591	-0.2413195952	-0.0791189466	0.1777548204	-0.066070133	-0.2024786874	0.1764803427	-0.0888903843	0.1212545708	-0.0881295096	-0.07825109	-0.0350742991	-0.1053644225	-0.223463647	0.1714481135	-0.0354277621	0.1593214797	-0.1398245945	-0.1154779689	0.1471865395	-0.1224168803	0.039285113	-0.0682031367	0.1402377277	-0.0179092892	-0.2754795798	0.223734318	0.096951544	0.1005516822	0.2910485972	0.2755712134	0.0147931899	-0.0184873937	0.2051387676	0.2116750312	0.0338264438	0.2188331942	0.0042660133	-0.1090102693	0.1366111235	0.1446716825	0.0497326827	-0.0570389895	0.139593693	0.0493943771	0.0642179913	-0.2745008428	-0.0282619795	0.2896346372	0.0281319942	0.2786003311	0.130850161	0.0341564636	0.192538201	0.1195908017	-0.2243496593	-0.0309483595	-0.0457845524	0.1027908449	0.1998790605	0.1761679731	0.0300381179	-0.0230162817	0.0489082705	0.1342700363	0.3349073647	0.2291871191	0.0047253081	0.0382800292	0.0641654417	0.0251230357	0.1468836473	0.0566071814	-0.0177958499	0.0454135901	-0.0044480653	0.1272399882	0.0	0.0	-0.145702	0.000338	1.1424400000000338e-07	0.021229072804	-0.206783	-0.0385719999999999	0.042759209089	0.0014877991839999	0.0646979	0.0123662	0.00015292290244	0.00418581826441	0.00157185	-0.0005463899999999	2.985420320999999e-07	2.4707124225e-06	-0.00344451	3.8959999999999776e-05	1.18646491401e-05	1.5178815999999822e-09	-0.000788477	0.000214443	6.21695979529e-07	4.5985800249000014e-08	0.0
6369.086305617917	1.8613439018936333	40565260.368409686	3.4646011211166154	6011.8526415740425	-45.89173751560793	36142372.18400079	2106.051572201456	4242.180550322004	2.504514423947512	6.272592499761139	17996095.8215303	4284.476240111381	6090.988689959085	1.04861	49.656689	0.1029615	0.062369	-0.2264406837	-0.2047166868	-0.1206451945	-0.0782384865	-0.1903412051	0.0780009682	0.2469339146	0.1870071637	0.0263233794	-0.0348380959	0.1515568142	0.0238260183	0.0205368911	0.1593069513	-0.1186804359	-0.1261134959	-0.2168538055	-0.0842221887	0.1941150998	-0.0465059638	0.0550496379	0.0228968769	-0.2173912216	-0.1729374389	0.1479804357	-0.264683488	-0.2669819396	0.0634599996	0.1780462301	-0.1152792691	0.2078298054	0.1856861707	0.2734337742	0.1828391178	-0.0633141828	0.0376078995	-0.251784329	-0.0569306843	0.1302771797	0.0950435863	-0.1014988785	0.2661288492	-0.2091011472	-0.1023524512	0.1421924039	0.1756221363	-0.3732699041	-0.0854654996	0.1053657568	0.0756709227	-0.1710562961	0.2561400613	0.1611967751	0.1882954176	-0.0505047698	0.248813886	0.0589980547	0.1151252344	-0.0566604982	0.2909148522	-0.24558196	0.0601121922	-0.0436183283	-0.0200309113	-0.3576010551	-0.0866188262	-0.1205607603	-0.0603550022	0.1937852083	-0.1533106054	0.218867408	-0.0373911595	-0.0882839858	0.1981643794	0.0178449635	0.0133681057	0.0	0.0	-0.132984	0.012718	0.000161747524	0.0176847442559999	-0.149927	0.0568559999999999	0.022478105329	0.0032326047359999	0.0489978	-0.0157001	0.00024649314001	0.00240078440484	0.00185139	0.00027954	7.81426116e-08	3.4276449321e-06	-0.00342296	2.1549999999999955e-05	1.17166551616e-05	4.64402499999998e-10	-0.0007358189999999	5.265800000009999e-05	5.414296007608529e-07	2.7728649640105302e-09	0.0
6371.626665939647	2.540360321730077	40597626.37011318	6.4534305642205405	6065.301162940868	53.44852136682584	36787878.19717185	2856.7444363000386	4233.793884126858	-8.386666195146063	70.33616986880574	17925010.653269984	4278.895542347711	6188.431247512571	1.141132	54.03809	0.0665002	0.0575677	-0.2368143536	0.1926635462	-0.0726942439	0.0588194478	-0.2192510874	-0.1914957439	-0.064017597	0.1422205522	-0.0499223046	-0.0473922949	-0.121074282	-0.2875340006	-0.3436628289	0.1435321253	-0.2398018878	0.0596779079	0.2313178258	-0.1282708663	-0.0848182879	0.0155560396	0.1385810793	0.1938383447	0.0557091177	0.1015464125	0.1034695759	-0.357419563	0.1246860303	-0.0732621557	-0.1301199665	0.169349547	0.0913307013	-0.1049876182	0.0578674006	0.1684956888	-0.2469914074	-0.0096789738	0.1716885777	-0.1282306999	-0.0524931623	-0.1115617715	-0.0109826868	-0.0873447229	-0.0718046239	-0.2112746541	-0.2423312686	0.2928122517	-0.0453852093	0.2725861323	-0.126479833	-0.0364870195	-0.1029613951	0.0631992819	0.1351064287	0.2425812572	0.1353016255	-0.1578930108	0.1542708318	-0.2953316185	-0.1298836393	-0.0325955028	-0.2062140506	0.2217208326	-0.3601720267	0.2128219101	-0.0436815573	0.2843630739	0.4166865447	-0.2005862328	0.0543613133	-0.0182207754	0.0469059649	0.0888605012	-0.0923863886	-0.1972470666	-0.0934874413	-0.0081723698	0.0	0.0	-0.132776	0.0002079999999999	4.3263999999994166e-08	0.017629466176	-0.148949	0.000978	0.022185804601	9.56484000000013e-07	0.0435225	-0.0054753	2.9978910090000025e-05	0.00189420800625	0.00295363	0.00110224	1.2149330176e-06	8.7239301769e-06	-0.00346484	-4.187999999999978e-05	1.20051162256e-05	1.7539343999999815e-09	-0.000788477	-5.265800000009999e-05	6.21695979529e-07	2.7728649640105302e-09	0.0
6359.468669548051	-12.157996391595589	40442841.75896327	147.81687625805137	6060.254708810705	-5.046454130163511	36726687.135662325	25.46669928784436	4236.868903592603	3.0750194657448446	9.45574471470971	17951058.106229983	4283.179131861788	6130.168529408909	1.085045	51.382095	0.1428358999999999	0.0961884	-0.2506214788	0.0041485569	0.1771269211	-0.0268976678	-0.1885432987	0.1046261852	-0.1568309956	0.2329259647	-0.1257827702	0.0165793742	0.1125213895	0.0662975011	0.0007946044	0.1893856671	-0.0213734479	0.2265005855	-0.0728975769	-0.172241471	0.017753658	0.1353135627	-0.1304015732	-0.1512535115	-0.03511038	0.0391322164	0.0447687741	0.1950253765	0.1176108775	-0.2500319776	-0.0955142095	0.0751766232	0.2811556562	0.1577187963	-0.00538591	0.2102791348	0.0512095213	0.2039576727	0.0530230123	-0.1769097961	-0.1217752083	0.0476091563	-0.0034867994	0.0627195633	-0.0089863474	0.275554193	0.0030230349	0.0111218199	0.1826459731	-0.0030739007	-0.2420411095	0.1956501039	-0.1465536884	-0.0422459203	0.1820071082	0.2373094029	-0.2157538561	-0.1517469992	-0.0289506316	-0.1776160833	-0.076671569	-0.0900649982	0.1147415801	-0.050513834	0.1722212185	0.2025844779	0.2332780776	0.0379746588	0.026221574	0.1639555127	-0.0012191623	-0.1421496881	0.0205577671	0.0440901101	-0.0742710752	0.1931770652	0.0998959834	0.1788872461	0.0	0.0	-0.127676	0.0050999999999999	2.600999999999993e-05	0.016301160976	-0.238947	-0.089998	0.0570956688089999	0.0080996400039999	0.045651	0.0021284999999999	4.5305122499999935e-06	0.002084013801	0.00226119	-0.0006924399999999	4.794731535999999e-07	5.112980216100001e-06	-0.00333254	0.0001322999999999	1.11058228516e-05	1.7503289999999922e-08	-0.000701029	8.744799999999995e-05	4.91441658841e-07	7.647152703999992e-09	0.0
6360.903334851672	1.4346653036209318	40461091.235327125	2.0582645334137406	6032.61806309895	-27.63664571175468	36392480.69522773	763.7841861970485	4237.622120397622	0.7532168050192922	0.5673355553634705	17957441.235283237	4282.515731578759	6106.438930534304	1.014346	48.034138	0.0472608499999999	0.0312896	-0.2064475457	-0.2048912475	0.0472038007	-0.0163079124	-0.1820894961	0.1688531664	0.0960418802	0.1840008532	-0.0916190904	-0.0481456939	0.2962218498	-0.0984802491	0.0629401928	0.1734555455	-0.1584200942	0.1524764321	-0.1376084169	0.0514328976	0.2146823909	-0.1982788777	-0.2086827037	-0.1722667935	-0.1395390704	0.0461400832	0.3262634185	-0.0676147864	-0.2980703731	0.1617204388	-0.0924159312	-0.0067337887	-0.1605176072	0.0465081267	-0.0173052771	0.1933123791	-0.0576755185	0.2143395019	-0.0933765627	-0.0524852379	0.2342035455	0.0424864877	-0.136514342	0.1200545903	-0.0576877384	0.2679596002	0.0128289748	0.1105008441	-0.2622287242	-0.1436102488	-0.0166035531	-0.3702744981	0.1702968357	-0.0537726267	0.166347161	0.225737673	-0.1763047192	0.1345056121	-0.0281319039	-0.1826095856	-0.1470252839	0.0408042222	-0.0775571922	-0.094138519	0.3400649083	-0.037433161	-0.1179192842	-0.1282096969	-0.1676261221	-0.0507742472	-0.1123311777	0.1505386119	0.2538943121	0.039305564	-0.0695725947	-0.2135610355	0.1480355734	-0.13559422	0.0	0.0	-0.127717	-4.099999999998549e-05	1.6809999999988102e-09	0.0163116320889999	-0.209473	0.029474	0.043878937729	0.000868716676	0.0456595	8.500000000001562e-06	7.225000000002656e-11	0.00208478994025	0.00246236	0.0002011699999999	4.0469368899999864e-08	6.063216769599999e-06	-0.00326641	6.613000000000018e-05	1.06694342881e-05	4.373176900000024e-09	-0.0007884759999999	-8.744699999989997e-05	6.216944025758424e-07	7.646977808982507e-09	0.0
6361.623294800176	0.7199599485038561	40470250.94494425	0.5183423274496752	6023.196161488212	-9.421901610738132	36278891.999766335	88.7722299624298	4236.516489379971	-1.1056310176509214	1.222419947191812	17948071.964788396	4279.879221330987	6113.48077165203	1.080117	51.148727	0.0569161	0.0351647	-0.2202789268	0.079057123	-0.2449895076	0.0091031755	-0.1933111732	-0.2053585962	0.199177084	0.2170889403	-0.129802926	-0.0760564247	0.021068092	0.3702559635	0.0710740011	0.149736991	-0.3061038778	0.0327777931	0.1369342781	-0.2003141595	0.0593535361	0.2464239843	0.0634823174	-0.1849758684	0.0829701601	-0.168826627	0.0357249765	0.1483287244	0.0425990405	-0.0552992249	-0.1988485826	0.0026659158	-0.280093328	-0.1447826613	-0.0280459951	0.1740049144	-0.3384359341	-0.0030533226	0.0281585606	-0.1931368402	-0.2749777049	0.0810951052	0.1907552356	0.0821352327	0.0593519983	0.0518563579	0.1195490425	0.0027023859	0.208744892	-0.0721829096	-0.0379705498	-0.2055817146	0.2657661982	-0.060804458	0.1566088516	0.2561273219	0.0731067103	-0.0364617198	0.2590337517	-0.176068799	-0.1311554044	-0.1900923782	0.0816507537	-0.0264001764	-0.0683949357	-0.1264268272	-0.0508906815	-0.1701306015	-0.1355265843	0.1012509419	-0.2713998723	0.0851930438	-0.0916216922	-0.2092975558	0.1054706927	-0.0511168246	-0.1786238909	-0.0668970669	0.0	0.0	-0.137103	-0.009386	8.80969960000001e-05	0.018797232609	-0.176802	0.032671	0.0312589472039999	0.001067394241	0.0416504	-0.0040091	1.6072882810000014e-05	0.0017347558201599	0.00261323	0.00015087	2.27617569e-08	6.828971032899999e-06	-0.00333254	-6.613000000000018e-05	1.11058228516e-05	4.373176900000024e-09	-0.0007884759999999	0.0	6.216944025758424e-07	0.0	0.0
6365.670667705909	4.047372905733027	40521763.049691394	16.38122743806181	6049.198586075394	26.00242458718185	36592803.533776544	676.1260844120792	4234.926487319205	-1.5900020607659826	2.5281065532400717	17934602.35299778	4282.077792768768	6108.295474652256	1.006583	47.666542	0.1087929	0.0562389	-0.2077338648	0.0844560203	0.1270020935	-0.0194508868	-0.1775335962	-0.0166352003	-0.191016049	0.1596974743	0.0303969811	-0.2022978264	0.0251433891	0.1745505856	0.3503713369	0.2232578689	-0.0061034031	0.136259833	0.1023965825	-0.1956208697	-0.0992128029	0.071416038	0.0118534123	-0.113060128	0.0240367664	-0.1159714734	0.0186813774	0.0077982073	0.0230425209	-0.0801237635	-0.0039518069	-0.1281419578	0.0003872315	-0.0092118229	0.0631784977	0.2292983951	-0.0199678879	0.0545423902	0.1413775122	-0.1633639543	-0.1758576813	-0.0920662598	0.0860878475	0.0413822479	0.0185062994	0.0474251856	0.1395073669	0.0619653563	0.1292378631	-0.0886313409	-0.0270238499	0.0135789424	-0.0782326413	0.0643026501	0.1982801531	0.2077896177	-0.1221535452	-0.1347055712	0.0111233633	-0.1674898115	-0.0768699994	-0.1813364061	0.099839955	-0.0611971896	0.0364800824	-0.0437059068	0.0695933405	-0.2557495087	-0.1514685995	-0.082014076	0.1640329493	0.0878439863	-0.2294557755	-0.0657248743	-0.0101218327	0.0810561238	-0.0430107003	-0.0614209794	0.0	0.0	-0.134317	0.002786	7.761796000000059e-06	0.0180410564889999	-0.208851	-0.032049	0.043618740201	0.001027138401	0.0572584	0.015608	0.000243609664	0.00327852437056	0.00192997	-0.0006832599999999	4.668442275999997e-07	3.7247842009e-06	-0.00379209	-0.00045955	1.43799465681e-05	2.111862025e-07	-0.000812664	-2.418800000010004e-05	6.604227768960001e-07	5.850593440048394e-10	0.0
