trans_x	trans_y	trans_z	rot_x	rot_y	rot_z	dvars_std	dvars_nstd	dvars_vstd	framewise_displacement	aqi	aor
0.0	-0.0	0.0	-0.0	0.0	-0.0	n/a	n/a	n/a	n/a	0.0138982	0.02132
-0.0058	-0.0062	0.0155	0.0003577924966588376	0.00013962634015954637	2.96705972839036e-05	1.15130544	56.76641083	1.09885458	0.05385447170511438	0.0141544	0.00992
-0.0051	-0.0174	0.0212	0.00046949356878647465	-0.00021467549799530252	0.00014660765716752367	1.09777582	54.12707138	1.06190431	0.0467469985083053	0.0116154	0.00371
-0.0065	-0.0683	0.0308	0.0009459684545809266	-0.0005270894341022875	0.00015009831567151235	1.06267631	52.39645386	1.04261449	0.10151897402027128	0.0106432	0.00128
-0.0031	-0.0774	0.0599	0.000752236907609556	-0.000582939970166106	0.00017278759594743863	1.0848242	53.4884758	1.04504113	0.05521356816555576	0.0102282	0.00039
-0.0035	-0.0593	0.0543	0.000598647933434055	-0.0005480333851262194	0.00011693705988362007	1.06493819	52.50797653	1.02672797	0.0363173047639603	0.0115186	0.0002
-0.0062	-0.095	0.0587	0.000577703982410123	-0.000291469985083053	4.71238898038469e-05	1.02764368	50.66912842	1.011475	0.06016602605734358	0.0118559	0.00016
-0.0084	-0.0633	0.0661	0.00046949356878647465	-0.00013264502315156904	-4.886921905584123e-05	1.06405258	52.46430969	1.03084397	0.05945142422074103	0.0150748	0.00028
-0.0154	-0.0272	0.0635	0.00035604716740684323	-7.330382858376184e-05	-0.00011519173063162575	1.07609451	53.05805206	1.03487887	0.05765550537616116	0.0138976	0.00027
-0.0159	-0.0627	0.0674	0.00038048177693476387	9.773843811168246e-05	-0.00021642082724729686	1.02202582	50.39213181	1.0053611	0.054735298641951806	0.0128798	0.00015
-0.0202	-0.0544	0.0684	0.0006998770300497262	0.00011693705988362007	-0.00034557519189487725	1.02946115	50.75874329	1.00730302	0.03698741197672402	0.0129828	0.00016
-0.0181	-0.0262	0.0698	0.0005497787143782138	6.981317007977319e-05	-0.000312413936106985	1.05022466	51.78250885	1.016715	0.043219173063162565	0.0123702	0.00017
-0.0189	-0.0395	0.0766	0.00038048177693476387	-3.839724354387525e-05	-0.00028797932657906436	1.04342997	51.44749069	1.01018429	0.03599709802975095	0.0110816	0.00019
-0.0181	-0.0719	0.0787	0.0004625122517784973	1.7453292519943294e-06	-0.000296705972839036	1.00742519	49.67223358	0.99908325	0.041844984694978736	0.0100803	0.0001
-0.0184	-0.0544	0.0851	0.0006283185307179585	-5.585053606381854e-05	-0.00034557519189487725	1.04857993	51.7014122	1.01467919	0.03781356816555576	0.00997061	0.00013
-0.0192	-0.038	0.0877	0.00041713369122664475	-0.00010297442586766544	-0.0003769911184307752	1.05082834	51.81227112	1.01324258	0.03428623279155293	0.0093677	0.00014
-0.0184	-0.0711	0.0871	0.0003874630939427412	-9.075712110370512e-05	-0.00039793506945470715	1.01731491	50.15985489	0.99951079	0.037641592653589795	0.00940371	8e-05
-0.0183	-0.0643	0.0872	0.0003647738136668148	-3.490658503988659e-05	-0.0003525565089028545	1.04581749	51.56520844	1.01083395	0.013195918844579883	0.0111939	9e-05
-0.0137	-0.0437	0.105	0.00024085543677521747	-0.00011693705988362007	-0.0003211405823669566	1.05167079	51.85381317	1.0178943	0.054868238913561435	0.0108292	0.00013
-0.0134	-0.0816	0.1001	0.0004468042885105483	-3.490658503988659e-05	-0.0003438298626428829	1.01054335	49.82597733	1.00025585	0.05863343034274954	0.00925213	3e-05
-0.0146	-0.0702	0.0981	0.0005864306286700947	-5.585053606381854e-05	-0.00029321531433504735	1.04017687	51.28709412	1.00834016	0.025159241974565687	0.0108277	0.0001
-0.0155	-0.0551	0.0999	0.0005078908123303499	-8.726646259971648e-05	-0.00024609142453120044	1.05442095	51.9894104	1.01420008	0.02565398163397447	0.00983453	0.00014
-0.0158	-0.0809	0.1003	0.0005323254218582705	2.268928027592628e-05	-0.0002373647782712288	1.00924957	49.76218796	0.99755879	0.033655849933176746	0.00993043	9e-05
-0.0172	-0.0869	0.0995	0.0006510078109938849	6.283185307179586e-05	-0.00023387411976724014	1.04191124	51.37260818	1.01556222	0.01631578102177363	0.00978446	8e-05
-0.0142	-0.075	0.1144	0.00024609142453120044	-4.0142572795869576e-05	-0.00013264502315156904	1.09335148	53.9089241	1.05587416	0.06025599544730105	0.0112286	0.00031
-0.0192	-0.0969	0.111	8.37758040957278e-05	6.632251157578452e-05	-0.00011693705988362007	1.04565072	51.55698776	1.01676621	0.04452443340375378	0.0101207	0.00021
-0.0206	-0.149	0.1128	0.00027750735106709843	0.0001361356816555577	-0.00023387411976724014	1.0246923	50.52360535	1.01393007	0.07432408884673819	0.00910485	8e-05
-0.023	-0.0923	0.116	0.00045902159327450867	0.0001884955592153876	-0.00034208453339088857	1.03812599	51.18597031	1.01913836	0.07940422666954444	0.00922787	0.0001
-0.0273	-0.0807	0.1123	0.0004956735075663896	0.00022340214425527416	-0.00041015237421866745	1.05772519	52.15232849	1.01754005	0.026581317007977327	0.00915396	9e-05
-0.0239	-0.1101	0.1113	0.0005550147021341969	0.00021642082724729686	-0.0003892084231947355	1.03067005	50.81834793	1.0094567	0.038163323129985834	0.00866294	5e-05
-0.024	-0.0741	0.1212	0.0003874630939427412	0.0002548180707911721	-0.0004258603374866164	1.02406919	50.49288177	1.00713516	0.058130038301360605	0.00861931	0.00012
-0.0244	-0.0809	0.1215	0.00026878070480712676	0.00026354471705114377	-0.0004537856055185257	1.04426825	51.48881912	1.01387099	0.015266715171374763	0.00891215	0.0001
-0.0242	-0.115	0.116	0.0004433136300065597	0.0002600540585471551	-0.0004747295565424576	1.05262744	51.90097809	1.01469299	0.04974837673636768	0.00819355	8e-05
-0.0227	-0.0883	0.1098	0.0004572762640225143	0.0003001966313430247	-0.00040666171571467877	1.04092073	51.32376862	1.01010965	0.04050865238198016	0.00912666	7e-05
-0.0265	-0.0573	0.1198	0.00026878070480712676	0.00035430183815484887	-0.00034906585039886593	1.08848011	53.66873932	1.03635667	0.05980983156715124	0.00961488	0.00012
-0.0265	-0.1064	0.1062	0.00017802358370342162	0.00028274333882308137	-0.0004014257279586958	1.0378232	51.17103958	1.01637907	0.07343377489976513	0.00968558	8e-05
-0.0223	-0.1504	0.1087	0.0005410520681182421	0.00035081117965086024	-0.0003769911184307752	1.03307772	50.9370575	1.0180515	0.07347654673852598	0.00860012	9e-05
-0.0281	-0.1015	0.1212	0.000450294947014537	0.00017453292519943296	-0.0001675516081914556	1.03041565	50.80580139	1.02537063	0.09102374428972258	0.009758	0.00013
-0.1114	-0.0855	0.1673	-0.0045483280306972225	-0.0006422811647339132	-0.0008552113334772215	1.55600631	76.72064209	1.539038	0.4705548396465436	0.0190017	0.01137
-0.0579	-0.0656	0.2135	-0.00633729051399141	-0.0017610372152622785	0.0006911503837897545	1.42221928	70.12412262	1.43910572	0.3423040125544764	0.0264233	0.02724
-0.0031	-0.0636	0.2007	-0.0044645522266014955	-0.002488839513343914	0.0013805554383275148	1.25298047	61.77961349	1.27028159	0.23409728200046556	0.0192636	0.01113
0.0057	-0.0869	0.2089	-0.003581415625092364	-0.003703588672731967	0.0010471975511965976	1.10702968	54.58334351	1.11713609	0.16186218240140512	0.0178935	0.00791
-0.0159	-0.1394	0.1021	-0.0024312436480281013	-0.00308399678827398	0.00062482787221397	1.17946327	58.15476227	1.15920238	0.2905066770252439	0.0149752	0.00358
-0.034	-0.0169	-0.0442	1.9198621771937625e-05	-0.0024870941840919192	0.00020594885173533088	1.45297706	71.64067078	1.38796112	0.4602111947230368	0.0174826	0.00292
-0.0164	0.037	0.0108	-0.00033335788713091696	-0.0017208946424664088	0.0003351032163829112	1.21535397	59.92439651	1.15495224	0.1888955207587973	0.0155318	0.00149
0.0303	-0.0106	0.0805	-0.0002600540585471551	-0.0013212142437597075	0.0003054326190990077	1.22135961	60.22050858	1.17101783	0.1891327412287183	0.0118272	0.0003
0.0367	-0.03	0.0254	-0.00018500490071139895	-0.0014573499254152652	0.000577703982410123	1.19104576	58.72585297	1.13118658	0.10507281014012144	0.014773	0.00034
0.0333	-0.0026	0.0286	-0.0003089232776029963	-0.0012863076587198209	0.0005096361415823442	1.07582331	53.04467773	1.04331965	0.052151424220741024	0.0156167	0.00023
0.0286	-0.0666	0.0397	-0.00022165681500327985	-0.001117010721276371	0.00033335788713091696	1.07946539	53.22425842	1.04525435	0.10144208272472968	0.0113631	0.00016
0.0283	-0.0421	0.0508	-0.0003001966313430247	-0.0010419615634406148	0.0003001966313430247	1.08370745	53.43341827	1.03494729	0.04523751149816967	0.0112545	0.00013
0.0278	-0.0185	0.0502	-0.0005183627878423159	-0.0010471975511965976	0.00028623399732707005	1.06938779	52.72737122	1.03399343	0.036568238913561424	0.0119434	0.00022
0.0259	-0.0837	0.0559	-0.0005358160803622592	-0.00102799892942466	0.000158824961931484	1.07800305	53.15215302	1.04231704	0.08100304748437334	0.0124626	0.00015
0.0263	-0.0768	0.0656	-0.0005393067388662478	-0.0008970992355250854	0.00014486232791552936	1.04260111	51.40662384	1.01012652	0.02441764932097591	0.0102741	0.00013
0.0255	-0.047	0.0617	-0.0005462880558742252	-0.0008656833089891874	0.00013439035240356338	1.05513585	52.0246582	1.02450516	0.036943460952792065	0.0121462	0.0002
0.0245	-0.0653	0.0613	-0.000486946861306418	-0.0008185594191853405	6.283185307179586e-05	1.07169974	52.841362	1.03386557	0.028601179185171077	0.0125775	0.00028
0.0262	-0.0697	0.0669	-0.0004433136300065597	-0.0009162978572970229	2.268928027592628e-05	1.03850579	51.20469666	1.01810244	0.02077571211037052	0.0115219	0.00028
0.028	-0.0498	0.0681	-0.0004729842272904633	-0.0009686577348568529	-6.9813170079773176e-06	1.07760298	53.13242722	1.03792978	0.028485053606381847	0.0145762	0.00099
0.03	-0.0723	0.0717	-0.00041538836197465044	-0.0009389871375729493	-2.4434609527920616e-05	1.0784409	53.1737442	1.04009254	0.033335987755982996	0.0141035	0.00131
0.0319	-0.0825	0.0838	-0.0004188790204786391	-0.0009372418083209549	-6.108652381980153e-05	1.03544617	51.05383682	1.01630428	0.0262943951023932	0.0137015	0.00137
0.0287	-0.0673	0.095	-0.00042935099599060504	-0.000900589894029074	-0.00014660765716752367	1.04889774	51.71708298	1.02405822	0.03623225115757845	0.015186	0.00214
0.0299	-0.0649	0.1084	-0.0006230825429619757	-0.0008831366015091308	-0.00017104226669544429	1.06048679	52.28849792	1.02948506	0.02878097245096172	0.0154296	0.0023
0.0256	-0.0882	0.1137	-0.0006108652381980154	-0.000804596785169386	-0.00017278759594743863	1.02336764	50.45829391	1.00783193	0.03752512251778497	0.0155039	0.00231
0.0259	-0.0709	0.1125	-0.000609119908946021	-0.0008883725892651138	-0.0002373647782712288	1.05424845	51.98090744	1.02518087	0.02630491578357561	0.0167754	0.0032
0.025	-0.0912	0.1198	-0.0008674286382411819	-0.0009040805525330626	-0.0002478367537831948	1.04928017	51.73593903	1.02194373	0.042724433403753787	0.0162315	0.00288
0.0296	-0.1161	0.1256	-0.0009040805525330626	-0.0009337511498169664	-0.0001675516081914556	1.01461065	50.02651978	1.00142199	0.04263038285837616	0.0163962	0.00275
0.0301	-0.1058	0.1276	-0.0008970992355250854	-0.0009128071987930344	-0.0001658062789394613	1.02798581	50.68599701	1.00661321	0.014283529864195165	0.0162296	0.00249
0.0286	-0.0869	0.13	-0.0009581857593448868	-0.0009407324668249436	-0.00020594885173533088	1.05630529	52.08232117	1.0218299	0.029257718232379024	0.0155554	0.00223
0.0273	-0.1042	0.1295	-0.0009250245035569946	-0.00091106186954104	-0.00020769418098732522	1.00945556	49.77234268	0.99965302	0.02232885911618951	0.0140145	0.00122
0.0267	-0.0926	0.1265	-0.0008325220532012951	-0.0009616764178488756	-0.0002652900463031381	1.03838205	51.19859695	1.00664526	0.0252356431989674	0.0136982	0.00113
0.0276	-0.0776	0.125	-0.0008604473212332044	-0.0009756390518648303	-0.0002705260340591211	1.05162048	51.8513298	1.01612005	0.019756194490192357	0.013639	0.001
0.0281	-0.0843	0.1255	-0.0008499753457212384	-0.0010122909661567112	-0.0002583087292951608	1.01162088	49.87910461	0.9956332	0.010667059728390358	0.0123104	0.00054
0.0271	-0.0743	0.1217	-0.0007731808586334879	-0.0010105456369047167	-0.0003001966313430247	1.05190444	51.86532974	1.01784126	0.02082138591938044	0.0125058	0.00063
0.0244	-0.0732	0.1237	-0.0008761552845011534	-0.0009721483933608416	-0.0003001966313430247	1.05358648	51.94826508	1.01769371	0.012868583470577037	0.0123811	0.00042
0.0252	-0.0764	0.126	-0.0008970992355250854	-0.0009826203688728075	-0.00028274333882308137	1.00444126	49.52510452	0.99283595	0.008743460952792055	0.0122722	0.00035
0.0242	-0.0677	0.1284	-0.0008709192967451704	-0.0009983283321407565	-0.000296705972839036	1.02138233	50.36040497	0.99699309	0.014892526803190916	0.012129	0.00027
0.0232	-0.0809	0.1294	-0.0009075712110370514	-0.0010471975511965976	-0.00028797932657906436	1.0211848	50.35066605	0.99985497	0.019912388980384697	0.0112416	0.00012
0.0222	-0.1182	0.13	-0.0008604473212332044	-0.0009983283321407565	-0.0003106686068549907	1.03539181	51.05115891	1.01090995	0.04483411945678074	0.0100841	4e-05
0.0229	-0.0856	0.1236	-0.0006859143960337716	-0.0009162978572970229	-0.000312413936106985	1.00501812	49.55354691	0.99782244	0.05261543646475804	0.00936455	0.00011
0.0214	-0.0617	0.129	-0.0008587019919812101	-0.0009878563566287904	-0.0002617993877991494	1.03653753	51.10764694	1.01165112	0.04554803217935208	0.00893682	4e-05
0.0195	-0.0967	0.1211	-0.0007086036763096977	-0.0008918632477691023	-0.0003193952531149623	1.05599093	52.06682205	1.02161765	0.05998436449235066	0.00889856	8e-05
0.0175	-0.083	0.1215	-0.0005044001538263612	-0.0008028514559173916	-0.00027925268031909274	1.03678262	51.11973572	1.01749374	0.03276789435654583	0.0089258	0.0001
0.0113	-0.0476	0.1268	-0.0005707226654021458	-0.0007871434926494425	-0.00030194196059501896	1.01878953	50.23256683	1.01342701	0.05213598775598299	0.00958896	0.00011
0.0174	-0.0763	0.1209	-0.00062482787221397	-0.0008272860654453122	-0.00027925268031909274	1.01777303	50.18244553	1.00951232	0.04654685299418101	0.00895309	0.0001
0.0174	-0.0815	0.1104	-0.0004258603374866164	-0.0008395033702092724	-0.0003612831551628262	1.04046428	51.3012619	1.01612898	0.030360765716752346	0.00954652	7e-05
0.0249	-0.044	0.1147	-0.00048520153205442357	-0.0007295476273336296	-0.0001605702911834783	1.03963315	51.26028061	1.01826784	0.06780049007113989	0.00895178	8e-05
0.0327	-0.0414	0.1218	-0.0007400196028455958	-0.000752236907609556	0.00011344640137963142	0.99745637	49.18070984	0.99980023	0.04507620218151043	0.00810164	8e-05
0.0314	-0.1092	0.1148	-0.0006981317007977319	-0.0007504915783575615	-6.9813170079773176e-06	1.00039685	49.32569504	1.00624806	0.08430304748437334	0.00827694	7e-05
0.0309	-0.0941	0.1087	-0.000619591884457987	-0.0007190756518216638	-6.108652381980153e-05	1.04196918	51.37546158	1.01203008	0.02990304748437333	0.00851119	8e-05
0.0298	-0.0458	0.1177	-0.0007609635538695277	-0.0007627088831215222	1.7453292519943296e-05	1.04084826	51.32019424	1.02192156	0.0715772358525572	0.00901961	7e-05
0.0248	-0.084	0.1108	-0.000853466004225227	-0.000731292956585624	-9.075712110370512e-05	1.03501904	51.03277969	1.01572194	0.0617064395257623	0.00857151	9e-05
0.0243	-0.1082	0.1111	-0.0007173303225696694	-0.0007627088831215222	-0.000153588974175501	1.01089621	49.84337616	1.00094377	0.03651917306316258	0.00963759	0.00013
0.0253	-0.0631	0.1076	-0.0006527531402458793	-0.0007470009198535729	-0.0001675516081914556	1.08371282	53.43368149	1.04340675	0.05431238898038471	0.0110419	8e-05
0.0238	-0.0443	0.1179	-0.0006108652381980154	-0.000752236907609556	-0.00016231562043547262	1.08225906	53.36199951	1.03569901	0.0332179938779915	0.00896811	9e-05
0.0247	-0.0995	0.1098	-0.0005864306286700947	-0.0007225663103256524	-0.00021467549799530252	1.03267753	50.91732788	1.01683241	0.06952325421858271	0.00786471	4e-05
0.0279	-0.0824	0.1034	-0.0003595378259108319	-0.0007906341511534313	-0.0001972222054753592	1.04238892	51.39615631	1.01404013	0.04232069680534924	0.00903052	8e-05
0.028	-0.0409	0.1214	-0.0007347836150896127	-0.0007452555906015787	-7.853981633974481e-05	1.07128739	52.82103348	1.03482402	0.08656533694331238	0.00934464	0.00012
0.0286	-0.0538	0.1265	-0.0008970992355250854	-0.0007295476273336296	-7.67944870877505e-05	1.0182817	50.20752716	1.001103	0.02758844564777081	0.0102417	0.0001
0.0279	-0.1255	0.1148	-0.0007016223593017205	-0.0007819075048934597	-0.00013264502315156904	1.02276385	50.4285202	1.01963124	0.09928436449235069	0.00776058	8e-05
0.0293	-0.1053	0.111	-0.0004380776422505767	-0.0007539822368615504	-0.00017104226669544429	1.06047273	52.28779984	1.0250101	0.04189336143134641	0.00858623	0.00011
0.0283	-0.0618	0.1245	-0.0005969026041820607	-0.0006911503837897545	-0.00011170107212763708	1.06831777	52.67461014	1.03286592	0.07204990047855435	0.00803876	0.0001
0.0285	-0.0885	0.1146	-0.0005253441048502931	-0.0007487462491055673	-0.00015009831567151235	1.02089238	50.33625031	1.00708032	0.04517758040957279	0.00810361	0.00011
0.0277	-0.0921	0.11	-0.00026878070480712676	-0.0007819075048934597	-0.0002024581932313422	1.00452018	49.52899551	0.99922077	0.026104226669544428	0.00984943	0.00011
0.0283	-0.0737	0.1136	-0.00020594885173533088	-0.0007173303225696694	-0.00017104226669544429	1.05448163	51.99240494	1.02379575	0.03054124809657421	0.00926059	0.00013
0.0258	-0.0703	0.1152	-0.00012217304763960306	-0.0006928957130417488	-0.00017627825445142725	1.05813158	52.1723671	1.02057023	0.013172320068981556	0.00796825	8e-05
0.0271	-0.0938	0.1125	-5.585053606381854e-05	-0.0007871434926494425	-0.00023561944901923448	1.01864958	50.22566605	1.00287631	0.038495574287564255	0.00754923	0.00013
0.0243	-0.0679	0.1115	0.00014137166941154068	-0.0008936085770210966	-0.00033335788713091696	1.04071879	51.31381226	1.01259266	0.049771286397934794	0.00853229	0.0001
0.0127	-0.0478	0.1331	-0.0001361356816555577	-0.000905825881785057	-0.00037350045992678646	1.03274286	50.92054749	1.01166528	0.06979336143134642	0.00776923	0.00011
0.0187	-0.0956	0.1189	-9.250245035569947e-05	-0.0007941248096574199	-0.00035430183815484887	1.02569485	50.57304001	1.01033231	0.07672664625997164	0.00715166	7e-05
0.0226	-0.1057	0.1184	0.00011344640137963142	-0.0007679448708775049	-0.00034906585039886593	1.00559962	49.58221817	0.99274673	0.02636823891356144	0.00735623	5e-05
0.0205	-0.0789	0.1209	0.00014311699866353502	-0.0005550147021341969	-0.0002844886680750757	1.09163249	53.82416916	1.03982613	0.04675889741755008	0.00828838	5e-05
0.0194	-0.0745	0.1212	6.9813170079773176e-06	-0.0005724679946541401	-0.00028797932657906436	1.07208872	52.86053848	1.03283606	0.01365398163397449	0.0104333	8e-05
0.0227	-0.111	0.1249	0.0001256637061435917	-0.0005881759579220891	-0.00026354471705114377	1.03052568	50.81122971	1.0125134	0.0514412480965742	0.00725508	7e-05
0.0254	-0.094	0.1296	0.00027750735106709843	-0.0006544984694978735	-0.00023911010752322313	1.02758908	50.66643524	1.00561614	0.036530038301360576	0.0080182	8e-05
0.0232	-0.0731	0.1332	0.0001012290966156711	-0.0006806784082777885	-0.0002530727415391778	1.05577362	52.05610657	1.02122183	0.03752104136236487	0.00854498	0.00013
0.024	-0.1121	0.1303	0.00011693705988362007	-0.0006946410422937432	-0.0002583087292951608	1.04015446	51.28598404	1.0135588	0.044445329251994355	0.00887907	8e-05
0.0269	-0.1111	0.1285	0.00020943951023931956	-0.0006981317007977319	-0.0002443460952792061	1.0106715	49.83229828	0.99890544	0.011197787143782134	0.00773603	7e-05
0.026	-0.0673	0.1285	0.00035430183815484887	-0.0006963863715457374	-0.00022165681500327985	1.08293009	53.3950882	1.03481737	0.053164846872172496	0.00881857	6e-05
0.025	-0.0555	0.1347	0.00021642082724729686	-0.0007016223593017205	-0.00021118483949131387	1.05743504	52.13802719	1.02123368	0.02667944870877503	0.00770146	5e-05
0.0272	-0.1154	0.1317	0.00023911010752322313	-0.0006946410422937432	-0.0002181661564992912	1.01447594	50.01987839	1.00774051	0.06693259571459402	0.0074119	5e-05
0.0286	-0.1136	0.1349	0.00045902159327450867	-0.000736528944341607	-0.0002129301687433082	1.02374637	50.47696686	1.00396843	0.019751768777756595	0.00680149	8e-05
0.029	-0.0688	0.1445	0.00029845130209103034	-0.0008168140899333463	-0.00019547687622336493	1.05670547	52.10205078	1.02093295	0.06771543646475804	0.00698483	5e-05
0.028	-0.1067	0.1325	0.00041189770347066176	-0.0008552113334772215	-0.0002652900463031381	1.02279603	50.43010712	1.00645163	0.06198284075016398	0.0070678	8e-05
0.0312	-0.1241	0.1374	0.00045553093477052	-0.0008866272600131194	-0.0002007128639793479	1.00505114	49.5551796	0.99415537	0.0324813170079773	0.00704461	5e-05
0.0294	-0.0866	0.1389	0.0002705260340591211	-0.0008447393579652555	-0.00021467549799530252	1.05070806	51.80634308	1.02274694	0.05284277183876088	0.00759804	8e-05
0.0282	-0.1533	0.1338	0.00013264502315156904	-0.0008569566627292158	-0.00024085543677521747	1.08533835	53.51382828	1.04970274	0.08181391272257134	0.0092929	0.00013
0.0298	-0.1318	0.1334	0.00027576202181510406	-0.0008848819307611251	-0.00029845130209103034	1.01370955	49.98209	1.00281332	0.03493190660056286	0.00964093	0.00011
0.028	-0.1092	0.137	0.00017104226669544429	-0.0008063421144213803	-0.0002705260340591211	1.06652164	52.58605194	1.0263625	0.03855924197456571	0.00926167	0.0001
0.0276	-0.1291	0.1251	0.00017802358370342162	-0.0007958701389094143	-0.00028797932657906436	1.04897916	51.72109985	1.01993618	0.03394532925199434	0.0104249	9e-05
0.0299	-0.1286	0.1187	0.00032812189937493397	-0.0009075712110370514	-0.000296705972839036	1.02021658	50.30292892	1.00243854	0.022726301702956045	0.00888819	0.00014
0.0326	-0.112	0.1159	0.00032463124087094524	-0.0009494591130849152	-0.00029845130209103034	1.04628205	51.58811569	1.0236596	0.024456194490192325	0.0117681	0.00013
0.0293	-0.0792	0.1469	0.00014660765716752367	-0.0007941248096574199	-0.0002617993877991494	1.08033526	53.26714325	1.03645955	0.08560049007113987	0.0098713	0.0001
0.0351	-0.1157	0.1569	0.00012042771838760874	-0.0008587019919812101	-0.0002722713633111154	1.04683042	51.61515045	1.01999493	0.05736145483078356	0.00792563	7e-05
0.0371	-0.107	0.1341	0.00041189770347066176	-0.0008482300164692441	-0.0002583087292951608	1.01245987	49.92047501	1.00480099	0.0492952297305487	0.00676227	6e-05
0.0327	-0.096	0.136	0.00027576202181510406	-0.0008237954069413235	-0.00026354471705114377	1.02010059	50.29720688	1.00789837	0.02559031394697308	0.00705075	7e-05
0.0349	-0.0982	0.1525	2.792526803190927e-05	-0.0009494591130849152	-0.0003106686068549907	1.00795972	49.69858932	1.00378443	0.04193121748653165	0.00675559	6e-05
0.0301	-0.1376	0.1178	0.00040840704496667313	-0.0009093165402890458	-0.0003787364476827695	1.0663017	52.57520676	1.03286329	0.1033346095279206	0.00694805	0.0001
0.0329	-0.1205	0.1398	0.00021118483949131387	-0.0008517206749732328	-0.00034033920413889426	1.02979183	50.7750473	1.01280542	0.056560765716752365	0.00640488	8e-05
0.0311	-0.0781	0.1474	4.363323129985824e-05	-0.0008429940287132613	-0.0003612831551628262	1.06622541	52.57144165	1.02631195	0.06166111027376794	0.00731212	3e-05
0.0348	-0.1402	0.1358	0.0001675516081914556	-0.0009564404300928925	-0.0004956735075663896	1.064677	52.49509811	1.03054877	0.09598775653373959	0.0071739	5e-05
0.036	-0.1321	0.1427	0.00034033920413889426	-0.0009023352232810684	-0.0004956735075663896	1.02831781	50.70236588	1.00914406	0.027544640137963122	0.00720066	5e-05
0.0338	-0.0955	0.1522	0.00022689280275926284	-0.0008936085770210966	-0.0005061454830783556	1.04156601	51.35558319	1.0173766	0.05493225115757847	0.00845182	8e-05
0.0389	-0.0926	0.1578	9.773843811168246e-05	-0.0010245082709206715	-0.0005515240436302081	1.02357519	50.46852493	1.00509405	0.02887163095495038	0.00804061	6e-05
0.035	-0.1537	0.1539	5.235987755982989e-05	-0.0009599310885968812	-0.000460766922526503	1.02995849	50.78326035	1.01914914	0.07893564319896737	0.00773716	7e-05
0.0369	-0.1635	0.152	0.00024260076602721178	-0.0010332349171806431	-0.0005235987755982988	1.02394867	50.48694229	1.00496715	0.029918828506147	0.00837469	0.00011
0.0374	-0.1389	0.141	0.0003717551306747922	-0.0009424777960769379	-0.0004729842272904633	1.02173424	50.37775421	1.01195312	0.04962630170295608	0.0100656	0.00011
0.0355	-0.085	0.1463	0.0002530727415391778	-0.00091106186954104	-0.0003665191429188092	1.13710737	56.06635666	1.06971916	0.07392817000215833	0.0101453	0.00015
0.0378	-0.0941	0.1558	4.886921905584123e-05	-0.0009529497715889039	-0.0002600540585471551	1.06784272	52.6511879	1.03302632	0.03852782544514271	0.00825989	8e-05
0.0351	-0.1546	0.153	5.4105206811824215e-05	-0.000879645943005142	-0.00029496064358704166	1.01546633	50.06871033	1.01146347	0.07167232006898155	0.00712538	8e-05
0.0347	-0.1564	0.1506	0.00039793506945470715	-0.000905825881785057	-0.00041189770347066176	1.02377975	50.47861481	1.00421694	0.02894734306532091	0.00774634	8e-05
0.0315	-0.1091	0.1613	0.0005061454830783556	-0.0007941248096574199	-0.000445058959258554	1.09161842	53.82347488	1.03273511	0.07385363707695888	0.00769866	6e-05
0.0334	-0.1174	0.1582	0.0005183627878423159	-0.0008866272600131194	-0.00042236967898262774	1.02839661	50.70625305	1.00541897	0.01967045176977929	0.00687581	5e-05
0.033	-0.1447	0.15	0.0007487462491055673	-0.0009424777960769379	-0.0005305800926062762	1.02021372	50.30278397	1.00584548	0.05562222054753592	0.00763226	8e-05
0.032	-0.1131	0.1627	0.0006178465552059926	-0.000874409955249159	-0.000466002910282486	1.05094457	51.81800461	1.01497737	0.0584772358525572	0.00785917	8e-05
0.0328	-0.1222	0.1421	0.0006003932626860494	-0.0009040805525330626	-0.0005096361415823442	1.03576231	51.06942749	1.00730607	0.035037856055185265	0.00716579	7e-05
0.0326	-0.1441	0.1428	0.0007452555906015787	-0.0007801621756414653	-0.0004572762640225143	1.00604129	49.60399628	0.99574534	0.03885702911834785	0.00697976	4e-05
0.0323	-0.104	0.148	0.0006510078109938849	-0.0006928957130417488	-0.00047822021504644627	1.05228984	51.88433456	1.01942378	0.05572290966156709	0.00888968	7e-05
0.0322	-0.0979	0.1367	0.000593411945678072	-0.0006981317007977319	-0.0004014257279586958	1.03554726	51.05882263	1.00954066	0.02448131700797732	0.0108525	0.00014
0.0319	-0.1488	0.127	0.0007138396640656808	-0.0006387905062299246	-0.0004520402762665313	1.04604709	51.57652664	1.0179416	0.07241917306316255	0.0111464	0.00013
0.033	-0.1044	0.1364	0.0007155849933176752	-0.0006963863715457374	-0.0003211405823669566	1.0286622	50.71934509	1.0139012	0.06441204442336908	0.0111753	9e-05
0.0328	-0.0787	0.1549	0.0005480333851262194	-0.0005218534463463045	-0.00018500490071139895	1.0296905	50.77005005	1.0104694	0.06831101075232233	0.00774062	7e-05
0.0291	-0.109	0.1561	0.0002897246558310587	-0.000439822971502571	-0.00017453292519943296	1.02470315	50.52414322	1.00661019	0.05274055898254298	0.00721806	3e-05
0.0302	-0.1485	0.1468	0.00048520153205442357	-0.0005410520681182421	-0.0002897246558310587	1.04063976	51.30991364	1.01043777	0.07049488517353306	0.00681722	9e-05
0.03	-0.1326	0.1554	0.0006370451769779302	-0.0004974188368183839	-0.0003682644721708035	1.01008928	49.80358887	0.99682278	0.038400834628155474	0.00688076	4e-05
0.0259	-0.0985	0.1627	0.0005550147021341969	-0.0004363323129985824	-0.0004328416544945937	1.09358549	53.92046356	1.03928944	0.05588470904936624	0.00843412	7e-05
0.0309	-0.14	0.152	0.0006998770300497262	-0.0005026548245743669	-0.000486946861306418	1.07113051	52.81329346	1.03042454	0.07046450231515693	0.00840646	9e-05
0.0347	-0.1324	0.1546	0.0007661995416255106	-0.0006213372137099814	-0.00047822021504644627	1.01537073	50.06399536	0.99952472	0.02368657734856855	0.00793737	0.0001
0.0332	-0.1089	0.1676	0.0006806784082777885	-0.0004956735075663896	-0.00042236967898262774	1.06168115	52.34738541	1.02530425	0.05135176877775663	0.00866586	5e-05
0.0311	-0.1094	0.166	0.0006265732014659643	-0.0005323254218582705	-0.0004206243497306334	1.03552747	51.05784607	1.00785343	0.008825122517784964	0.0077157	7e-05
0.0338	-0.1611	0.1639	0.000731292956585624	-0.0005864306286700947	-0.00042411500823462205	1.02041733	50.31282806	1.0100703	0.06461578102177364	0.00735205	8e-05
0.0354	-0.1575	0.1585	0.000932005820564972	-0.0006387905062299246	-0.0004485496177625427	1.05313301	51.92591095	1.01794285	0.024475367553354905	0.0107291	5e-05
0.0345	-0.1245	0.1648	0.0007470009198535729	-0.0006667157742618339	-0.0003682644721708035	1.07478786	52.99362564	1.03062857	0.05486076571675238	0.00943941	8e-05
0.0324	-0.1432	0.1616	0.0006946410422937432	-0.0005794493116621174	-0.0003525565089028545	1.02105057	50.34404755	1.00519593	0.03176671517137476	0.00708872	2e-05
0.0326	-0.1832	0.1499	0.0006754424205218055	-0.0006178465552059926	-0.00042411500823462205	1.01421547	50.0070343	1.00662599	0.05835771823237902	0.0108556	0.0001
0.0373	-0.129	0.1395	0.0012636183784438947	-0.0008726646259971648	-0.0005026548245743669	1.09845829	54.16072464	1.06428828	0.11537669225265028	0.0137557	0.0002
0.0299	-0.0778	0.1475	0.0013369222070276565	-0.0007644542123735164	-0.0004939281783143952	1.08623672	53.55812454	1.04604886	0.0761120444233691	0.00941122	0.00017
0.0271	-0.0536	0.1442	0.0016510814723866359	-0.0007853981633974483	-0.00041189770347066176	1.03544283	51.05367279	1.02652239	0.051156684561332225	0.00932747	0.0002
0.0282	-0.1184	0.1234	0.0012775810124598492	-0.0008203047484373349	-0.0002478367537831948	1.05020547	51.78156281	1.04889064	0.115323399732707	0.00851631	7e-05
0.0253	-0.1479	0.1018	0.000895353906273091	-0.0009407324668249436	-0.00048345620280242926	1.02027631	50.30587006	1.01556435	0.09091371367968008	0.00782937	8e-05
0.0267	-0.1355	0.1062	0.0010157816246606998	-0.000731292956585624	-0.0005235987755982988	1.09394825	53.93835068	1.03441436	0.0367004900711399	0.00775295	6e-05
0.026	-0.082	0.1233	0.0008726646259971648	-0.000593411945678072	-0.0004468042885105483	1.07533264	53.02048874	1.03856513	0.08918962483294189	0.00765079	4e-05
0.0289	-0.0878	0.1271	0.0008168140899333463	-0.0007295476273336296	-0.0005183627878423159	1.01434231	50.01329041	1.00130739	0.025677235852557167	0.00781441	4e-05
0.0305	-0.1207	0.128	0.0009756390518648303	-0.0006649704450098395	-0.0005846852994181004	1.03714073	51.13739014	1.01092019	0.04988623279155295	0.00819075	7e-05
0.0301	-0.0799	0.1528	0.0008848819307611251	-0.0006021385919380437	-0.0005846852994181004	1.0648669	52.5044632	1.03101876	0.07367944870877503	0.00840175	7e-05
0.0313	-0.1109	0.1474	0.0010210176124166828	-0.0006789330790257941	-0.0006422811647339132	1.05538201	52.03679657	1.02355281	0.05112630170295605	0.00859219	7e-05
0.031	-0.149	0.1375	0.0012130038301360591	-0.0006300638599699529	-0.0006387905062299246	1.07250047	52.88084412	1.03013697	0.060517304763960285	0.0102041	9e-05
0.0312	-0.1074	0.1376	0.0011397000015522971	-0.0006213372137099814	-0.0005393067388662478	1.07486427	52.99739456	1.04028257	0.0509757121103705	0.0116853	0.00011
0.0319	-0.1334	0.1323	0.001155407964820246	-0.0004904375198104066	-0.0005969026041820607	0.99243802	48.93327332	0.9948869	0.04221017612416682	0.012401	7e-05
0.0348	-0.161	0.1316	0.001439896632895322	-0.0008464846872172499	-0.0005532693728822024	1.06285465	52.40524673	1.03301006	0.0654084533390889	0.00816917	8e-05
0.0084	-0.0561	-0.0165	0.002001892652037496	-0.0006579891280018621	-0.0003612831551628262	1.36874664	67.4875946	1.30636198	0.3265238898038469	0.0123701	0.00134
-0.0082	-0.0626	-0.0174	0.0026284658535034606	-0.0005462880558742252	-0.00041713369122664475	1.14123237	56.26974869	1.11916988	0.063706240482871	0.013326	0.00075
0.0135	-0.0323	0.011	0.0018762289458939042	-0.0012426744274199627	-0.0004956735075663896	1.08705688	53.59856415	1.06558151	0.1567581547747519	0.0132277	0.00033
0.0311	-0.0289	0.067	0.0009669124056048585	-0.0017662732030182616	-0.0004380776422505767	1.10012782	54.24303818	1.07338652	0.15152555906015788	0.00907308	0.00016
0.0367	-0.0305	0.0753	0.0011850785621041497	-0.0019617500792416262	-0.0003665191429188092	1.02814567	50.69387817	1.00581727	0.03976007660272118	0.0094921	0.00019
0.0395	-0.0942	0.072	0.0016196655458507376	-0.0021275563581810873	-0.0003351032163829112	1.02393401	50.48622131	1.01989665	0.10139045946109736	0.00880045	0.00018
0.0365	-0.0779	0.072	0.0015812683023068625	-0.0019250981649497454	-0.00033335788713091696	1.06446552	52.48466873	1.02592642	0.03143003830136057	0.00955057	0.00013
0.035	-0.1062	0.0898	0.001481784534943186	-0.001616174887346749	-0.00030194196059501896	1.05916917	52.22352982	1.02628501	0.06959114857512855	0.00883967	0.00011
0.0394	-0.1498	0.1165	0.0012339477811599909	-0.0012775810124598492	-0.00032812189937493397	1.02907014	50.73945999	1.01968384	0.10533052837250048	0.00796878	9e-05
0.043	-0.11	0.1381	0.0008691739674931761	-0.0007766715171374765	-0.00014311699866353502	1.02399695	50.48932266	1.01129147	0.1175344104850293	0.00864816	4e-05
0.0403	-0.1378	0.1406	0.000778416846389471	-0.0007086036763096977	-0.0003001966313430247	1.03816402	51.18784332	1.01512565	0.04879522973054867	0.0087772	8e-05
0.0403	-0.1803	0.1461	0.0008290313946973065	-0.0006597344572538566	-0.00046425758103049166	1.0577296	52.15254593	1.02141876	0.06117723585255717	0.00829095	7e-05
0.0385	-0.1321	0.1571	0.0008848819307611251	-0.0005654866776461627	-0.000439822971502571	1.04722595	51.634655	1.02013745	0.06972664625997163	0.00844169	5e-05
0.0343	-0.1204	0.1598	0.0008080874436733745	-0.0005148721293383271	-0.00041189770347066176	1.06461012	52.49180222	1.02320186	0.026366715171374785	0.00942254	0.00013
0.0412	-0.1673	0.154	0.0008936085770210966	-0.0007225663103256524	-0.000635299847725936	1.06157196	52.34200287	1.02804555	0.0854308729295161	0.00850213	5e-05
0.0431	-0.1435	0.1491	0.0011850785621041497	-0.0005410520681182421	-0.0005427973973702365	1.04225516	51.38956451	1.01857786	0.058874333882308144	0.0118195	8e-05
0.0373	-0.0971	0.1752	0.0010140362954087054	-0.0003961897402027128	-0.0003106686068549907	1.04147637	51.35116196	1.0223631	0.10570166925631094	0.00957334	0.00015
0.0357	-0.1285	0.1705	0.0008883725892651138	-0.0004188790204786391	-0.0002530727415391778	1.01999569	50.29203415	1.00463615	0.04799744258676651	0.0100403	0.00013
0.0364	-0.2061	0.1529	0.0009512044423369096	-0.0005619960191421741	-0.0003787364476827695	1.04562163	51.55555344	1.03005076	0.11248062789394613	0.0124545	9e-05
0.0332	-0.196	0.1781	0.0014049900478554352	-0.0004572762640225143	-0.0005480333851262194	1.03059006	50.81440353	1.01853312	0.07489011490408178	0.0102584	0.00012
0.0295	-0.1285	0.1891	0.0015655603390389136	-0.00041538836197465044	-0.0005393067388662478	1.0121001	49.90273666	1.01566979	0.09275924197456568	0.00882584	8e-05
0.0272	-0.1204	0.1878	0.0013369222070276565	-0.0004363323129985824	-0.0005235987755982988	1.04439723	51.49518204	1.02303507	0.024964502315156917	0.00852334	0.00013
0.0258	-0.1802	0.1741	0.0014608405839192536	-0.00045902159327450867	-0.000582939970166106	1.05415297	51.97619629	1.02233076	0.08519744258676652	0.00850904	7e-05
0.0259	-0.1469	0.1741	0.0017976891295541592	-0.0003944444109507184	-0.0005969026041820607	1.01805186	50.1961937	1.00353388	0.054169418098732526	0.00879735	8e-05
0.0269	-0.1162	0.1813	0.0017715091907742446	-0.00029496064358704166	-0.0005742133239061344	1.1005162	54.26219177	1.0512701	0.04631764932097587	0.0132145	0.00023
0.028	-0.1475	0.1774	0.0016982053621904826	-0.0004328416544945937	-0.0005916666164260777	1.06779087	52.64862823	1.03011371	0.04773190660056285	0.0107933	0.00014
0.0305	-0.1548	0.1803	0.001780235837034216	-0.0004747295565424576	-0.0005794493116621174	1.02329564	50.45474625	1.00459327	0.019506784082777867	0.00880742	0.00013
0.0288	-0.1409	0.1867	0.0019111355309337906	-0.0004363323129985824	-0.0005550147021341969	1.0300101	50.78580856	1.00720469	0.03168657734856853	0.010108	0.00012
0.0282	-0.145	0.1916	0.0016039575825827887	-0.00037524578917878077	-0.00047822021504644627	1.02651334	50.61339569	1.00522592	0.03185294796292769	0.0116805	0.00012
0.0314	-0.2046	0.1835	0.0016667894356545846	-0.000291469985083053	-0.0005078908123303499	1.04641843	51.594841	1.02020405	0.07971391272257138	0.012234	0.00017
0.0327	-0.1819	0.1726	0.0019408061282176943	-0.00031415926535897925	-0.0005166174585903216	1.02833474	50.70320129	1.01115788	0.05017163095495038	0.0130308	0.00022
0.0325	-0.1126	0.1892	0.001895427567665842	-0.00042411500823462205	-0.0004991641660703782	1.05748999	52.14073563	1.03828148	0.09473937979737192	0.0122564	0.0002
0.0313	-0.1146	0.1917	0.0016824973989225337	-0.0003385938748868999	-0.00038048177693476387	1.02210164	50.39587021	1.00965083	0.02655668456133223	0.00955743	0.00016
0.0253	-0.1383	0.1617	0.0009651670763528643	-0.0006841690667817771	-0.0004433136300065597	1.06045926	52.28713608	1.04816815	0.11598686837681715	0.00927275	9e-05
0.0389	-0.2073	0.0645	-0.0018291050560900572	-0.002050761871093337	-0.0005166174585903216	1.35254586	66.688797	1.31464367	0.3915084382669122	0.0107841	0.00096
0.0517	-0.134	0.0937	-0.0018797196043978928	-0.0020472712125893483	-0.0002565634000431664	1.08013952	53.25749207	1.07370572	0.13100796326794897	0.00939864	0.00026
0.0473	-0.085	0.1098	-0.0010960667702524388	-0.001609193570338772	-0.0001605702911834783	1.14775312	56.591259	1.07999927	0.13538617926278593	0.00910038	0.0001
0.0467	-0.0876	0.1158	-0.000614355896702004	-0.0012356931104119853	-0.0002583087292951608	1.05658448	52.09608841	1.03027516	0.056847488579445195	0.00797731	7e-05
0.05	-0.1227	0.1203	-0.00015707963267948963	-0.0013002702927357754	-0.0003089232776029963	1.06001246	52.26511002	1.02836925	0.07152339973270701	0.0081147	8e-05
0.0507	-0.1066	0.1163	-0.00016231562043547262	-0.0012042771838760874	-0.00023911010752322313	1.06758606	52.63853455	1.02703459	0.02935211333477221	0.0101179	0.00014
0.0521	-0.1132	0.1262	-0.00017453292519943296	-0.0011414453308042916	-0.0001937315469713706	1.03353226	50.95947266	1.01570197	0.02392138591938044	0.0082128	8e-05
0.0554	-0.1619	0.1317	-2.094395102393195e-05	-0.0012007865253720988	-0.00022340214425527416	1.02282321	50.43144989	1.00939349	0.0696300383013606	0.0103583	0.0001
0.0577	-0.176	0.1421	4.0142572795869576e-05	-0.0012217304763960308	-0.0002199114857512855	1.06984329	52.74982834	1.03088716	0.031076056667386102	0.0102777	9e-05
0.0529	-0.1394	0.1264	-5.585053606381854e-05	-0.0011903145498601325	-0.00013788101090755203	1.06076658	52.30229187	1.0305999	0.06757197551196598	0.00659508	7e-05
0.0584	-0.1654	0.1428	-0.00024085543677521747	-0.001291543646475804	-0.00018151424220741024	0.99612355	49.11499405	0.99606335	0.06439336143134643	0.00690156	3e-05
0.0594	-0.1907	0.1488	-0.0001012290966156711	-0.0013700834628155487	-0.00023387411976724014	1.00221598	49.4153862	1.00220042	0.04582630170295605	0.00953948	0.00013
0.0548	-0.1313	0.1411	1.0471975511965975e-05	-0.0012060225131280816	-0.00018675022996339323	1.04581976	51.56531906	1.02784652	0.08784429558094754	0.0110365	0.00011
0.0427	-0.1202	0.1645	-9.599310885968811e-05	-0.0009896016858807848	-2.4434609527920616e-05	1.0420208	51.3780098	1.01969291	0.07086007660272117	0.00905013	8e-05
0.0482	-0.1485	0.0922	0.0020769418098732523	-0.0019390607989657003	0.00037350045992678646	1.19927883	59.13179398	1.17960189	0.28211645506362815	0.0103946	0.00023
0.0669	-0.1683	0.0939	0.0019792033717615696	-0.002453932928304027	0.0003717551306747922	1.01072836	49.83509827	1.02033503	0.0709177948351002	0.00993544	0.00017
0.0624	-0.1971	0.1164	0.001350884841043611	-0.0019530234329816546	0.00026878070480712676	1.02396822	50.48790359	1.02446643	0.11741012259539985	0.0105423	0.00017
0.0661	-0.1783	0.1441	0.0008970992355250854	-0.0015393804002589986	0.00023911010752322313	0.9850235	48.5676918	0.99841869	0.09505496177625428	0.007765	0.0001
0.0597	-0.1305	0.1573	0.0006265732014659643	-0.001382300767579509	0.000317649923862968	1.04988468	51.76574707	1.02860122	0.09270727415391777	0.00800896	0.0001
0.0557	-0.175	0.1523	0.0007539822368615504	-0.0014067353771074296	0.00014660765716752367	1.00276577	49.44249344	0.99864676	0.06964429558094754	0.00786269	7e-05
0.0539	-0.16	0.1599	0.0007208209810736582	-0.0013020156219877698	0.00020943951023931956	1.00833619	49.71714783	0.99693879	0.034435643198967365	0.00891912	8e-05
0.0557	-0.198	0.1586	0.0008185594191853405	-0.001228711793404008	0.00017976891295541595	0.99597889	49.10786057	0.9945335	0.051135643198967365	0.0083198	4e-05
0.0569	-0.2156	0.1636	0.0010349802464326373	-0.0010786134777324957	0.0001239183768915974	0.98957229	48.79197693	0.99256853	0.044918483949131394	0.0106519	8e-05
0.054	-0.1687	0.1643	0.0009162978572970229	-0.0009372418083209549	6.283185307179586e-05	1.1168673	55.06840134	1.05372648	0.06655702911834788	0.0108036	0.00015
0.0543	-0.183	0.1597	0.0008168140899333463	-0.000921533845053006	0.00011519173063162575	1.06524825	52.52326202	1.02809351	0.02757758040957277	0.00939947	0.0001
0.0592	-0.2054	0.1591	0.001022762941668677	-0.0009232791743050004	0.00015184364492350666	1.01202285	49.89892578	1.00160872	0.040117304763960325	0.00898868	0.0001
0.0574	-0.1666	0.1616	0.0009529497715889039	-0.0006161012259539982	0.00014311699866353502	1.05225599	51.88266754	1.02948139	0.06238588823453736	0.0112432	0.00013
0.0546	-0.1669	0.1696	0.0007731808586334879	-0.00062482787221397	0.00017802358370342162	1.01667154	50.12813187	1.00640827	0.02227010721276372	0.0109851	0.00012
0.0592	-0.2045	0.1657	0.0008377580409572782	-0.0006963863715457374	0.00022165681500327985	1.01667678	50.12839127	1.0019885	0.05508844564777081	0.0111435	0.00014
0.0635	-0.1889	0.1695	0.0008569566627292158	-0.000783652834145454	0.00029321531433504735	0.99340063	48.98073578	0.99269108	0.03260117918517108	0.0109643	0.0001
0.0663	-0.1617	0.1749	0.0008429940287132613	-0.0008639379797371932	0.00041189770347066176	1.02175784	50.37891769	1.00742508	0.046046508437165394	0.0117182	0.00013
0.0567	-0.1669	0.1516	0.0019460421159736775	-0.0007871434926494425	0.000307177948351002	1.11262512	54.85923386	1.09173241	0.10232811647339128	0.00978231	0.00047
-0.0103	-0.1602	-0.1744	0.008777260808279484	-0.0022043508452688383	-0.0004258603374866164	2.02068615	99.63220978	1.96439733	0.8487732165381411	0.0313711	0.04218
0.0056	-0.0232	-0.1036	0.004349360495969869	-0.001322959573011702	-0.00018500490071139895	1.54254401	76.05686951	1.51690741	0.5012073510670984	0.0195795	0.01137
0.0594	-0.0071	-0.0282	0.0031258846903218446	-0.001579522973054868	0.00017278759594743863	1.14464879	56.43819427	1.15645139	0.2371915851175014	0.0136054	0.00278
0.0674	-0.0185	0.007	0.0024294983187761066	-0.0016126842288427606	0.0003787364476827695	0.98105985	48.37226105	0.99728706	0.10137482395344807	0.012334	0.00117
0.0657	-0.0583	0.0179	0.0021205750411731105	-0.0013473941825396225	0.0004729842272904633	0.97764611	48.20394135	0.99683765	0.08582305517569139	0.0118156	0.00049
0.069	-0.1289	0.0228	0.002089159114637212	-0.0009424777960769379	0.0004310963252425994	1.0102545	49.81173706	1.01790566	0.10271101075232232	0.011251	0.0002
0.0632	-0.1053	0.0214	0.002092649773141201	-0.0006597344572538566	0.0003822271061867582	1.09092748	53.78940964	1.03583	0.04755516081914556	0.0115103	0.00033
0.0637	-0.1114	0.0288	0.001811651763570114	-0.0006963863715457374	0.0004677482395344803	1.05121863	51.83152008	1.02324664	0.034158552860534486	0.0104863	0.00023
0.0639	-0.1783	0.0352	0.0019530234329816546	-0.000619591884457987	0.0004729842272904633	1.02336693	50.45825577	1.02289247	0.08467010721276366	0.00931925	0.00028
0.065	-0.1447	0.028	0.0020839231268812296	-0.0005166174585903216	0.00045553093477052	1.02947807	50.75957489	1.01468377	0.05446637061435918	0.0119967	0.00022
0.0616	-0.1053	0.0452	0.0017243853009703976	-0.0005078908123303499	0.0005969026041820607	1.04375279	51.46340561	1.02261206	0.0854818070791172	0.0103669	0.00017
0.0628	-0.1313	0.0466	0.001614429558094755	-0.0005183627878423159	0.0005567600313861911	1.02019727	50.30197525	1.00882355	0.0366285145591739	0.0106648	0.00013
0.0632	-0.1493	0.0538	0.0018901915799098587	-0.0003961897402027128	0.0005619960191421741	1.003196	49.46370697	0.99879581	0.045758552860534485	0.00832647	0.0002
0.0641	-0.1008	0.0593	0.0020245819323134223	-0.0003892084231947355	0.0005078908123303499	1.0368005	51.12061691	1.01397958	0.06467384381116824	0.00878888	0.00016
0.0646	-0.0985	0.065	0.0018448130193580064	-0.00039793506945470715	0.0005009094953223725	1.05496585	52.01628113	1.01706203	0.01827384381116825	0.0103056	8e-05
0.0671	-0.128	0.0627	0.0018901915799098587	-0.0003577924966588376	0.0004625122517784973	1.01700878	50.14476013	1.00602575	0.040495918844579856	0.00957531	0.00011
0.0681	-0.1262	0.0647	0.0019408061282176943	-0.00028623399732707005	0.000445058959258554	1.02924645	50.74815369	1.00892303	0.011781317007977292	0.0128623	0.00021
0.0686	-0.1068	0.0706	0.0019041542139258136	-0.0003211405823669566	0.00046425758103049166	1.04039514	51.29785156	1.01860861	0.03033785605518525	0.00934285	0.00017
0.069	-0.0971	0.0762	0.001801179788058148	-0.0003717551306747922	0.0005270894341022875	1.01944399	50.26483154	1.00036401	0.026521041362364873	0.010714	0.00012
0.0741	-0.1683	0.0795	0.0016999506914424768	-0.000439822971502571	0.0005323254218582705	1.02097452	50.3402977	1.01458337	0.08832664625997164	0.0116534	0.00014
0.0775	-0.1539	0.0736	0.0018517943363659836	-0.0004799655442984406	0.0004328416544945937	1.02938938	50.75519943	1.01223715	0.03827349925415265	0.0114989	0.00017
0.0728	-0.111	0.0795	0.001778490507782222	-0.00042760566673861073	0.0004572762640225143	1.08133113	53.31624603	1.03580201	0.06100491578357561	0.00843596	0.00014
0.0786	-0.0846	0.0048	0.003701843343479973	-0.0011798425743481666	0.0006370451769779302	1.29074574	63.64167023	1.26014903	0.24966793281313612	0.015434	0.0083
0.1111	-0.1829	0.0554	0.002190388211252884	-0.0023701571242082994	0.0013194689145077131	1.76180601	86.86782837	1.69731171	0.3506096709808503	0.0208057	0.01233
0.0788	-0.104	0.1378	-0.0003193952531149623	-0.0020734511513692635	0.0010838494654884787	1.64646399	81.18076324	1.57398824	0.34570544431130584	0.0229998	0.01757
0.0657	-0.1853	0.0245	0.0043266712156939426	-0.0020141099568014562	0.001064650843716541	1.74675012	86.12548065	1.62792025	0.44393031425743246	0.0270076	0.0279
0.0904	-0.0988	0.1706	0.0042324234360862495	-0.0027384215963791032	0.0010349802464326373	1.67853689	82.76215363	1.59972336	0.2997115008234622	0.0333479	0.03841
0.0892	-0.0572	0.2707	-0.002169444260228951	-0.002516764781375823	0.0011397000015522971	2.09675264	103.38274384	1.98103513	0.47931221332190693	0.0257903	0.0248
0.0864	-0.0639	0.1803	-0.003166027263117714	-0.001647590813882647	0.0011938052083641214	1.36135769	67.12327576	1.34820635	0.1958931088596881	0.0170595	0.0084
0.0881	-0.1714	0.175	-0.0026005405854715507	-0.0014049900478554352	0.0011030480872604163	1.04755032	51.65064621	1.06501058	0.15944222823885398	0.0152237	0.00738
0.0902	-0.1723	0.1716	-0.0022008601867648495	-0.0011833332328521555	0.0009337511498169664	1.00145161	49.37770081	1.00659167	0.04593170755767155	0.0154248	0.00685
0.0904	-0.1455	0.1822	-0.0023963370629882146	-0.001048942880448592	0.001090830782496456	1.01513493	50.05236816	1.0113544	0.06194734306532092	0.0147244	0.00471
0.0921	-0.2112	0.1471	-0.0020106192982974674	-0.0010506882097005862	0.0010960667702524388	1.03635824	51.0988121	1.03079222	0.12213495408493621	0.0168061	0.00621
0.0948	-0.2162	0.1584	-0.002049016541841343	-0.0009337511498169664	0.001075122819228507	1.03365743	50.96564102	1.02064011	0.02781391272257136	0.0173373	0.00718
0.0933	-0.1468	0.1676	-0.002141518992197042	-0.0007382742735936014	0.0011903145498601325	1.08359063	53.42765427	1.05536974	0.10025855286053446	0.0152402	0.00435
0.0914	-0.1119	0.1662	-0.0021013764194011725	-0.0007801621756414653	0.001218239817892042	1.03317297	50.94175339	1.01759963	0.043697787143782175	0.0134807	0.00269
0.0916	-0.1691	0.1549	-0.0018832102629018814	-0.0007155849933176752	0.0011013027580084218	1.04442453	51.49652481	1.02784143	0.08868401993533502	0.0131643	0.00389
0.0945	-0.1573	0.1639	-0.0018133970928221085	-0.0006230825429619757	0.0011501719770642632	1.02168083	50.37512207	1.00896804	0.034259241974565674	0.0126352	0.00357
0.0935	-0.0937	0.1689	-0.0018291050560900572	-0.0006440264939859076	0.0011746065865921838	1.08086133	53.29308701	1.04343798	0.07265432619099006	0.0136978	0.00239
0.0934	-0.1199	0.1801	-0.002103121748653167	-0.0006894050545377602	0.0013177235852557187	1.06136739	52.33191299	1.0288768	0.06062561258892488	0.0139952	0.00193
0.11	-0.125	0.1637	-0.002150245638457014	-0.0008674286382411819	0.001637118838370681	1.04653859	51.60076523	1.03626332	0.06532713633111153	0.0194578	0.00328
0.126	-0.2157	0.1463	0.0011449359893082802	-0.0017749998492782332	0.0017156586547104257	1.32876551	65.51628113	1.31608404	0.33816463275710446	0.016049	0.00507
0.1449	-0.2319	0.243	0.0021589722847169856	-0.0032079151651655774	0.0019181168479417679	1.1851114	58.43325043	1.1937952	0.26427049022636956	0.0193726	0.00651
0.1386	-0.2878	0.2394	0.0016982053621904826	-0.0034400439556808234	0.0017941984710501708	1.03256738	50.91189575	1.04342742	0.1066407044966673	0.0181018	0.00482
0.1092	-0.2143	0.1446	0.0014381513036433276	-0.0029112091923265415	0.001361356816555577	1.15527678	56.96222305	1.14909974	0.2587865238198015	0.0140592	0.00149
0.1036	-0.2351	0.1641	0.0008499753457212384	-0.002450442269800039	0.0009529497715889039	1.19593966	58.96715164	1.13205505	0.11876749627076327	0.0115384	0.00042
0.1024	-0.2535	0.1704	0.0007958701389094143	-0.0020943951023931952	0.0008133234314293575	1.10357833	54.41316986	1.05864157	0.05338893571891071	0.0113754	0.00033
0.0881	-0.2495	0.1812	0.00018500490071139895	-0.001439896632895322	0.0009354964790689606	1.25015581	61.6403389	1.17988477	0.09847683776677457	0.0144612	0.00323
0.1403	-0.2789	0.2108	-0.001858775653373961	-0.0023003439541285265	0.001572541656046891	1.36462545	67.28439331	1.30174553	0.28826365261482473	0.0180001	0.00477
0.1207	-0.1616	0.2096	-0.000736528944341607	-0.0013404128655316449	0.0012863076587198209	1.29543054	63.87266159	1.2241646	0.2565205897478153	0.0121876	0.00026
0.1137	-0.189	0.2065	-0.0003961897402027128	-0.0011850785621041497	0.001064650843716541	1.08270431	53.38395309	1.05597568	0.0733665161284835	0.0125685	0.00015
0.1086	-0.2112	0.215	-0.0004799655442984406	-0.000853466004225227	0.0010402162341886204	1.04725778	51.63622665	1.02443133	0.05779114857512855	0.0114765	0.00011
0.1064	-0.1982	0.2187	-0.0006963863715457374	-0.000736528944341607	0.0010122909661567112	1.04975259	51.75923538	1.02297728	0.036964157758141325	0.0124143	0.00025
0.1098	-0.2145	0.2174	-0.000645771823237902	-0.000710349005561692	0.0009512044423369096	1.08050346	53.27544022	1.03870321	0.027894050545377604	0.0144503	0.00045
0.1091	-0.2042	0.2247	-0.0007853981633974483	-0.0006056292504420323	0.0009424777960769379	1.043172	51.43477249	1.02324211	0.03095363707695888	0.0129262	0.00034
0.1086	-0.207	0.2286	-0.0007295476273336296	-0.0005672320068981572	0.0009145525280450286	1.04732871	51.63972092	1.02538616	0.013308652381980146	0.0151165	0.00119
0.1095	-0.2314	0.2392	-0.0007749261878854823	-0.00045902159327450867	0.0009232791743050004	1.04914057	51.72905731	1.02934392	0.044015781021773656	0.0165815	0.00212
0.1129	-0.2729	0.2457	-0.0010070549784007281	-0.00045902159327450867	0.0009442231253289323	1.08152533	53.32582474	1.06098075	0.06405363707695888	0.0195976	0.00406
0.1145	-0.2786	0.25	-0.0009965830028887623	-0.00047647488579445195	0.0009808750396208131	1.07331896	52.9211998	1.04829027	0.014828859116189535	0.0221902	0.00662
0.1179	-0.2701	0.2562	-0.0010175269539126942	-0.00045902159327450867	0.0009826203688728075	1.04831386	51.68829346	1.03082084	0.020107128639793477	0.0211327	0.00776
0.1174	-0.2624	0.2612	-0.0009075712110370514	-0.0005218534463463045	0.0009878563566287904	1.03298521	50.93249893	1.01846211	0.022101179185171065	0.0217585	0.00863
0.1151	-0.2616	0.263	-0.0008272860654453122	-0.00045553093477052	0.0010035643198967395	1.03885901	51.22211075	1.02100999	0.013015781021773693	0.0225976	0.00862
0.1111	-0.2488	0.2712	-0.001054178868204575	-0.00041189770347066176	0.0010053096491487337	1.02402174	50.49054718	1.01009203	0.03861356816555575	0.021121	0.00771
0.1109	-0.2476	0.2747	-0.0011065387457644049	-0.0004799655442984406	0.0010070549784007281	1.00083709	49.34740067	0.99558882	0.011008652381980165	0.0205753	0.00711
0.1087	-0.2672	0.2729	-0.0008988445647770796	-0.0005724679946541401	0.0009808750396208131	1.02458191	50.51816177	1.00961545	0.03991882850614702	0.0207662	0.00633
0.112	-0.2585	0.2774	-0.0010768681484805013	-0.0006667157742618339	0.0009250245035569946	1.03952992	51.25519562	1.01630514	0.032906094968746684	0.0218875	0.00584
0.1117	-0.272	0.2763	-0.001192059879112127	-0.0005148721293383271	0.0009546951008408983	0.99735844	49.17588043	0.99790189	0.02973529864195182	0.0207646	0.00514
0.1123	-0.2565	0.2774	-0.0010925761117484504	-0.0005427973973702365	0.0009616764178488756	1.02176142	50.37909698	1.00578737	0.023919517620178164	0.0194108	0.00489
0.1123	-0.2667	0.2764	-0.0010349802464326373	-0.0005044001538263612	0.000900589894029074	1.01837122	50.21193695	0.99936961	0.01905398163397448	0.0195178	0.00492
0.114	-0.2755	0.279	-0.0011152653920243766	-0.0005462880558742252	0.0009372418083209549	1.00161421	49.38571548	0.99431573	0.02104124809657429	0.0196953	0.0049
0.1198	-0.2759	0.2937	-0.0015184364492350666	-0.0008412486994612669	0.001022762941668677	1.03876996	51.21772385	1.02303838	0.06008264170727264	0.0221015	0.00582
0.1133	-0.2981	0.3057	-0.0022602013813326567	-0.0007539822368615504	0.0009232791743050004	1.04454064	51.50225067	1.03148032	0.08712575810304916	0.0242753	0.00715
0.1112	-0.302	0.2959	-0.002134537675189065	-0.0006963863715457374	0.0008639379797371932	1.0227958	50.43009949	1.00573901	0.02793003830136064	0.0236339	0.00616
0.0957	-0.2501	0.2743	-0.0017819811662862105	-0.0004729842272904633	0.0007452555906015787	1.05121624	51.83140182	1.03977355	0.12373205211468716	0.0191071	0.00298
0.059	-0.2714	0.2205	-0.0013404128655316449	-0.00013264502315156904	0.00039269908169872416	1.11650813	55.0506897	1.08927337	0.1685232006898157	0.0165545	0.0012
0.0592	-0.1755	0.2188	-0.0014870205226991688	-1.7453292519943296e-05	0.00031415926535897925	1.08975863	53.73177719	1.06555425	0.11481696020694472	0.0140827	0.00068
0.0544	-0.0968	0.2092	-0.001228711793404008	4.0142572795869576e-05	0.00020594885173533088	1.05183005	51.86166382	1.0430813	0.11430575041173108	0.0128251	0.00051
0.0621	-0.0726	0.1992	-0.0009581857593448868	-0.00033684854563490564	0.00034557519189487725	1.0281558	50.6943779	1.01675114	0.08125717463247215	0.0118569	0.00033
0.0522	-0.1686	0.2027	-0.0006213372137099814	0.0001186823891356144	0.00024609142453120044	1.0932709	53.904953	1.06931042	0.15399316238845512	0.0106431	0.00016
0.048	-0.2041	0.2065	-0.0004363323129985824	0.00023387411976724014	0.00021118483949131387	1.04958224	51.7508316	1.02192876	0.060255160819145566	0.0109937	0.00016
0.0511	-0.2638	0.2027	-0.0005881759579220891	5.235987755982988e-06	3.839724354387525e-05	1.03413022	50.98895645	1.02450133	0.09426346864411007	0.0116751	0.0001
0.0536	-0.3577	0.263	-0.002981022362406315	-0.0002129301687433082	-0.0005427973973702365	1.33870399	66.00630951	1.34505391	0.3163103600948815	0.0200704	0.01315
0.0714	-0.3289	0.684	-0.01674119818512961	0.00037524578917878077	-0.0011606439525762293	2.63289571	129.81788635	2.76575243	1.2159099167925687	0.0647702	0.11342
0.0928	-0.0961	0.7167	-0.016517796040874336	-8.37758040957278e-05	-0.0004677482395344803	1.38694954	68.38510895	1.40418083	0.3556659725285764	0.0618708	0.11437
0.0937	-0.0188	0.7198	-0.01600117858228401	0.0002129301687433082	-0.0004415683007545654	1.06229436	52.3776207	1.06223112	0.12327516851046384	0.062102	0.11414
0.0899	0.0294	0.6961	-0.01582315499858059	0.00039269908169872416	-0.0005689773361501514	1.05648279	52.09107208	1.05416925	0.09996007660272112	0.0595502	0.11142
0.1079	0.1492	0.6175	-0.015130259285538843	-0.0003298672286269283	-0.000296705972839036	1.28585565	63.40056229	1.27096644	0.30078666933392567	0.0575249	0.10726
0.0706	0.1919	0.4363	-0.008402015019100702	0.0006387905062299246	-0.0003769911184307752	1.69524693	83.58605957	1.73974386	0.6500593573443366	0.0332637	0.05239
0.0897	-0.1056	0.3337	-0.0048904125640881115	-0.0008639379797371932	0.0003874630939427412	1.62835193	80.28772736	1.66365677	0.7081392576676612	0.016997	0.00508
0.0995	-0.3813	0.3208	-0.004354596483725852	-0.0013439035240356337	0.0007731808586334879	1.34661722	66.39647675	1.35325726	0.3684749694675724	0.0203595	0.00909
0.0926	-0.5599	0.3064	-0.004118977034706617	-0.0015289084247470327	0.0003525565089028545	1.12870514	55.65208054	1.14742229	0.24196243497306333	0.0277385	0.0235
0.09	-0.6184	0.3242	-0.003904301536711315	-0.001403244718603441	3.141592653589793e-05	1.04016244	51.28638077	1.04710654	0.11197398932529253	0.0319275	0.03251
0.093	-0.4606	0.3379	-0.003920009499979264	-0.0012077678423800758	0.00019024088846738194	1.11539888	54.99599457	1.12375806	0.19300049007113984	0.0249253	0.01492
0.0888	-0.2908	0.3482	-0.004120722363958612	-0.0010681415022205296	0.0002600540585471551	1.15274274	56.83728027	1.15077238	0.20480761871093336	0.0193903	0.00658
0.0925	-0.2074	0.3295	-0.0038187804033635933	-0.0012147491593880533	3.141592653589793e-05	1.04088557	51.32203674	1.04206621	0.13965938748868997	0.0165588	0.00279
0.0892	-0.1032	0.3325	-0.003506366467256608	-0.0010157816246606998	9.948376736367679e-05	1.07843208	53.17330933	1.06869647	0.1394724655831059	0.0146145	0.00224
0.0917	-0.0043	0.324	-0.003312634920285238	-0.0011711159280881952	0.00010821041362364843	1.05678189	52.1058197	1.05704921	0.12778962483294187	0.0152965	0.00342
0.091	0.0101	0.3293	-0.0035203291012725624	-0.0012322024519079964	2.6179938779914945e-05	0.99855113	49.23468781	1.00381541	0.03794055898254294	0.0159239	0.0047
0.0819	-0.0955	0.3129	-0.003110176727053895	-0.001239183768915974	-9.599310885968811e-05	1.11419642	54.93671036	1.09241085	0.15806533694331237	0.0146827	0.00167
0.0808	-0.1837	0.3192	-0.0031258846903218446	-0.0011082840750163993	-2.268928027592628e-05	1.09815526	54.14578247	1.06687465	0.10659557428756428	0.0147914	0.0019
0.079	-0.2268	0.332	-0.003316125578789226	-0.0010733774899765126	3.490658503988659e-05	1.01738465	50.16329575	1.01638631	0.07183716694115407	0.016138	0.00331
0.0734	-0.3247	0.3376	-0.0033527774930811067	-0.0010838494654884787	-2.4434609527920616e-05	1.05831683	52.1815033	1.05527712	0.11442325421858268	0.0203397	0.00683
0.0698	-0.4307	0.3289	-0.003269001688985379	-0.0009424777960769379	-0.0001064650843716541	1.0933646	53.9095726	1.07982138	0.13365889741755013	0.0257122	0.01254
0.0719	-0.4073	0.3324	-0.0030159289474462015	-0.0009704030641088471	-8.726646259971648e-05	1.06512213	52.51704788	1.03578312	0.04400983156715119	0.0222942	0.01037
0.0716	-0.3196	0.3329	-0.0028605946440187057	-0.0009529497715889039	-5.585053606381854e-05	1.12260604	55.35135651	1.07978585	0.09871017612416687	0.0204735	0.00444
0.0705	-0.2315	0.3338	-0.002993239667170275	-0.0009669124056048585	-2.6179938779914945e-05	1.12537849	55.48805237	1.08355604	0.09891391272257137	0.0180443	0.00261
0.0688	-0.2096	0.3303	-0.002806489437206882	-0.0009145525280450286	-2.268928027592628e-05	1.03285861	50.92625809	1.0151186	0.0392300383013606	0.0143028	0.00158
0.0702	-0.1722	0.3267	-0.002562143341927676	-0.0008464846872172499	-2.96705972839036e-05	1.04366398	51.45902634	1.01997583	0.05836976265574811	0.0139642	0.00106
0.0731	-0.1398	0.3239	-0.0023422318561763904	-0.000900589894029074	-0.0001186823891356144	1.07901371	53.20198822	1.03338879	0.05625142422074098	0.0141028	0.00069
0.0736	-0.1326	0.3237	-0.0024207716725161347	-0.0008587019919812101	-3.316125578789226e-05	1.03608978	51.08557129	1.01302509	0.018197442586766567	0.012171	0.00084
0.0763	-0.1955	0.3201	-0.0023439771854283846	-0.0009669124056048585	-6.45771823237902e-05	1.06425893	52.47448349	1.03558206	0.08002104136236483	0.0136789	0.00076
0.0774	-0.2323	0.3224	-0.0023439771854283846	-0.0010297442586766543	-0.00013439035240356338	1.06695151	52.6072464	1.02750481	0.04683225115757846	0.0163794	0.00119
0.0781	-0.2457	0.3384	-0.0024818581963359366	-0.0011309733552923255	-8.901179185171081e-05	1.02772534	50.67315292	1.00779246	0.04432443340375375	0.0169283	0.00152
0.0747	-0.2573	0.343	-0.0025778513051956248	-0.0010402162341886204	-2.268928027592628e-05	1.02367902	50.47364807	1.00956539	0.032253637076958906	0.0172635	0.00211
0.0895	-0.2945	0.3038	-0.002155481626212997	-0.001410226035611418	0.0002024581932313422	1.02309084	50.44464493	1.02247226	0.14207634769563468	0.0158399	0.00173
0.1015	-0.3312	0.301	-0.0021921335405048776	-0.0013997540600994523	0.0003612831551628262	1.01973045	50.27895737	1.01150745	0.06179744258676655	0.0158184	0.00256
0.1051	-0.3134	0.3183	-0.0022479840765686964	-0.001387536755335492	0.000296705972839036	1.02386367	50.48275375	1.01387954	0.04533225115757848	0.0184153	0.00245
0.1012	-0.2523	0.3216	-0.002228785454796759	-0.001296779634231787	0.00023387411976724014	1.09549963	54.01484299	1.05684685	0.07693937979737189	0.0181283	0.00135
0.0944	-0.1872	0.3203	-0.0023998277214922034	-0.0011955505376161158	0.00022165681500327985	1.07759094	53.13183594	1.04306816	0.08742443340375385	0.0160419	0.00096
0.0912	-0.2772	0.2599	-0.0036721727461960694	-0.000598647933434055	0.00014486232791552936	1.20661259	59.49339294	1.18351478	0.2509021057986838	0.0195839	0.00426
