bids_name	cjv	cnr	efc	fber	fwhm_avg	fwhm_x	fwhm_y	fwhm_z	icvs_csf	icvs_gm	icvs_wm	inu_med	inu_range	qi_1	qi_2	rpve_csf	rpve_gm	rpve_wm	size_x	size_y	size_z	snr_csf	snr_gm	snr_total	snr_wm	snrd_csf	snrd_gm	snrd_total	snrd_wm	spacing_x	spacing_y	spacing_z	summary_bg_k	summary_bg_mad	summary_bg_mean	summary_bg_median	summary_bg_n	summary_bg_p05	summary_bg_p95	summary_bg_stdv	summary_csf_k	summary_csf_mad	summary_csf_mean	summary_csf_median	summary_csf_n	summary_csf_p05	summary_csf_p95	summary_csf_stdv	summary_gm_k	summary_gm_mad	summary_gm_mean	summary_gm_median	summary_gm_n	summary_gm_p05	summary_gm_p95	summary_gm_stdv	summary_wm_k	summary_wm_mad	summary_wm_mean	summary_wm_median	summary_wm_n	summary_wm_p05	summary_wm_p95	summary_wm_stdv	tpm_overlap_csf	tpm_overlap_gm	tpm_overlap_wm	wm2max
sub-02_T2w	0.8774782201405152	0.9756427620427935	0.4868	-1.0	2.4070331534559046	2.3524680910731077	2.632062406639004	2.2365689626556016	0.26594738976830473	0.374695920458232	0.35935668977346313	0.9169926643371582	0.17976292669773064	0.0	0.0015707065522146523	7.945626941540222	7.800077196801723	7.8445480737684266	208	256	256	1.5089726671304782	4.934418681189259	3.677989796056972	4.59057803985118	117.7743699175548	110.9239591393525	103.83202746832897	82.79775334807962	0.9399999976158142	0.94140625	0.94140625	2971.5829	0.0	3.7298	0.0	5492351.0	0.0	15.0	9.946	-1.5718	2127.2346	1819.6469	1788.0	449288.8607724197	15.0	3792.0	1184.9108	14.7422	183.3469	1656.2316	1684.0	633007.5410231216	1081.0	2184.0	341.276	38.3803	191.3363	1309.1785	1257.0	607093.5980982096	945.0	1781.0	273.8215	0.2283793735757446	0.5383591339271439	0.5527586651187457	0.31257503658994135
sub-03_T2w	3.759250746268657	0.3483204010759427	0.5565	321.5069	2.348384828103684	2.2204148992488104	2.551491452282158	2.273248132780083	0.2681155112418701	0.346617900153624	0.38526658860450586	0.8647934794425964	0.2540998578071595	0.0	0.0018811412955034856	7.21821661279785	7.056285824342179	7.111806427756572	208	256	256	1.6050705792377276	2.6932059245165036	3.000513450588238	4.703263848010482	27.49649408298829	19.74216915756287	21.37190779078647	16.87706013180826	0.9399999976158142	0.94140625	0.94140625	48.2972	45.9607	53.5017	31.0	4000078.0	0.0	162.0	71.83	-1.1218	2190.1219	2011.5412	1929.0	496830.64392651804	90.0	3781.0	1201.8151	2.3612	555.5886	1369.859	1385.0	642299.2602409696	516.0	2196.0	514.2566	44.4494	200.0208	1192.8243	1184.0	713917.0964527836	813.0	1585.0	251.7399	0.23293689639673718	0.4825322208485991	0.5191397219537374	0.2920514379330749
sub-04_T2w	0.9744852713178295	0.8958246813463624	0.516	-1.0	2.314483792834928	2.2389468141894313	2.5130808298755185	2.1914237344398337	0.2720142692927865	0.3716083992085953	0.35637733149861817	0.810761958360672	0.16036857664585114	0.0	0.002721885548275002	8.210745082368824	8.080301797430437	8.126718785716019	208	256	256	1.664193985832742	4.743968463499697	3.7226073724599047	4.759659668047275	95.59982667970385	99.50435055175302	90.33278666480419	75.89418276295571	0.9399999976158142	0.94140625	0.94140625	2814.746	0.0	4.1097	0.0	4957879.0	0.0	21.0	10.7385	-1.7852	1811.9523	1522.2711	1567.0	443624.2635614928	57.0	3026.0	941.5959	2.2378	182.2236	1617.0572	1631.0	606050.9357129892	1041.0	2170.0	343.8047	7.0357	194.9022	1274.6194	1244.0	581210.8006213225	896.0	1719.0	261.363	0.23049829165423633	0.5373925422654138	0.5439162712470652	0.39366301465289566
sub-05_T2w	1.1412945454545456	0.7570113389447594	0.5169	-1.0	2.226757586961124	2.1763723459456132	2.447338755186722	2.056561659751037	0.27775824161639223	0.3501907711948899	0.3720509871887178	0.7839790284633636	0.11635158956050873	0.0	0.0025357783951128958	8.27145395132105	8.142038090787759	8.19017839391829	208	256	256	1.5021586259435857	3.643121445511476	3.3767850672740223	4.9850751303670044	24.036765923266994	23.977305772560086	22.089445987615804	18.254266267020327	0.9399999976158142	0.94140625	0.94140625	490.9893	0.0	7.2843	0.0	3866865.0	0.0	24.0	44.0723	-1.8231	2112.9614	1614.2555	1617.0	449728.9238474034	0.0	3254.0	1076.4497	3.4124	235.3792	1604.2709	1613.0	567007.1849327101	945.0	2358.0	442.7518	16.705	204.0192	1264.2044	1228.0	602401.8913391314	924.0	1681.0	246.3351	0.22859578984321274	0.5223998535807614	0.542974601242453	0.367211617934446
sub-06_T2w	1.7492037671232876	0.5906539645332279	0.5109	-1.0	2.6036193464621085	2.510627665942343	2.8252308713692944	2.474999502074689	0.2629993331185172	0.3510579498671582	0.38594271701432464	0.9331543743610382	0.22431367635726907	0.0	0.002477865711541555	7.056349061474907	6.8828800181583345	6.9296499346128435	208	256	256	1.7451520875523416	3.3173464233812506	3.344361336259	4.970585497843407	37.55596950732491	23.894737212993757	26.836731884863863	19.059488934272917	0.9399999976158142	0.94140625	0.94140625	626.8565	0.0	7.3948	0.0	3884842.0	0.0	34.0	39.5636	-0.8177	1945.934	2255.2565	2268.0	500290.48162787594	48.0	4155.0	1299.5989	14.1172	320.6647	1419.3496	1443.0	667799.9854060069	778.0	2107.0	434.9859	48.5514	190.1028	1185.1795	1151.0	734159.533738654	873.0	1573.0	231.5621	0.21984322329462638	0.48982802941004605	0.5159325870178749	0.26166898413618933
sub-07_T2w	0.8837609065155807	0.9509496574231346	0.5382	-1.0	2.2728300527560736	2.1825744736209183	2.5497918672199167	2.086123817427386	0.28197617811523895	0.36120835555132785	0.35681546633343325	0.8641273379325867	0.14925833344459538	0.0	0.0023356360248899693	7.585526393103744	7.452778789777236	7.4926694916279954	208	256	256	1.3891776622783971	4.881702962732016	3.8710639623804926	5.342311262131064	26.88619065230834	28.3002475878242	25.580417355998648	21.554813827863402	0.9399999976158142	0.94140625	0.94140625	501.4687	0.0	5.3221	0.0	4013564.0	0.0	12.0	34.2844	-1.7208	1840.7917	1387.8307	1407.0	498583.228761415	0.0	3069.0	1012.8284	8.625	156.3559	1465.8563	1481.0	638679.5841057943	974.0	1953.0	303.3775	32.3336	155.6117	1166.8001	1128.0	630912.187212593	884.0	1530.0	211.1444	0.2151605204572675	0.5402874399523548	0.5519510123081378	0.3541917197034793
sub-08_T2w	1.3247241496598638	0.7086109609588055	0.5257	7417.5156	2.4109130869648525	2.3722234102721504	2.5633566804979253	2.2971591701244813	0.2738969879756939	0.3567960741262047	0.36930693789810143	0.8368551731109619	0.1557011723518371	0.0	0.0030008127409720414	7.519946494665711	7.38154189812062	7.427907545726036	208	256	256	1.5971113682506	3.9849893337091262	3.658901680777714	5.394604340373416	40.575920716401896	39.09344458738586	36.897183655510254	31.02218566274299	0.9399999976158142	0.94140625	0.94140625	585.5527	0.0	8.8105	0.0	4103874.0	0.0	43.0	23.8637	-1.7215	1733.1256	1479.1987	1478.0	487140.8574675191	55.0	2938.0	925.4198	5.1786	224.743	1414.8868	1424.0	634581.4416415124	854.0	2002.0	357.3407	21.7573	164.7259	1147.1105	1130.0	656832.7009581792	838.0	1496.0	209.4684	0.23226992712364947	0.5225168705195447	0.5379908840255792	0.3678321886923854
sub-09_T2w	1.2637246231155779	0.7098243792133857	0.5476	4427.3149	2.3507755611675782	2.2289148992703693	2.5796195850622405	2.2437921991701244	0.2769051575334131	0.3592841935429365	0.36381064892365034	0.8880295753479004	0.17361679673194885	0.0	0.001655143809017386	7.231601660694625	7.082970170620809	7.132160288302479	208	256	256	1.4646056612990308	3.6265658150910176	3.089780844782107	4.178171057956273	11.816334598531228	11.13616183947356	10.478216948358956	8.482154407072079	0.9399999976158142	0.94140625	0.94140625	217.6095	0.0	20.7336	0.0	3491956.0	0.0	57.0	98.2455	-1.6697	2194.1322	1812.9106	1772.0	511895.45827847533	29.0	3810.0	1209.8808	8.2953	260.7167	1645.9427	1670.0	664183.897996488	923.0	2391.0	460.4904	25.0672	242.2457	1306.0474	1272.0	672551.6437334304	877.0	1806.0	304.4392	0.22926783825839797	0.5198114785713532	0.5312807666332868	0.3171092451185713
sub-10_T2w	1.1341415343915344	0.6878418047818925	0.5792	2823.6572	2.610217644956103	2.549765963913953	2.8335694605809127	2.4473175103734444	0.2535726201475561	0.36795543162842853	0.3784719482240153	0.962685227394104	0.2035626053810119	0.0	0.0012104125992160144	6.347818622134704	6.17773272978452	6.2192328636110314	208	256	256	1.4247941204817616	3.7258204842195273	3.1363004411776862	4.258286718831768	6.877053302050403	4.973414349512162	5.21084393189276	3.7820641441157123	0.9399999976158142	0.94140625	0.94140625	68.9868	0.0	39.4301	0.0	3208997.0	0.0	42.0	207.8663	-1.0408	2460.2036	2309.5993	2182.0	535787.5357359042	21.0	5118.0	1531.4479	62.881	232.0148	1559.7701	1578.0	777473.2692280253	936.0	2220.0	423.5306	159.2475	196.6907	1244.2976	1200.0	799694.195556729	888.0	1690.0	281.8033	0.2250344828133301	0.5219214618623659	0.536312554849147	0.2152233036436994
sub-11_T2w	0.9026648967551623	0.9490139642197111	0.5489	-1.0	2.3629649911946267	2.2897978781481956	2.5931525311203316	2.205944564315353	0.2598331663056817	0.37789473184546296	0.3622721018488553	0.9741836190223694	0.2073633074760437	0.0	0.0028731783094670406	7.370826192241013	7.224597094981852	7.264785755747769	208	256	256	1.4680685741964987	5.459371990594174	4.101385023489481	5.3767145056777705	24.13664443692616	23.234768552329175	21.80807223771247	18.05280372388208	0.9399999976158142	0.94140625	0.94140625	608.2039	0.0	6.0255	0.0	3306788.0	0.0	15.0	42.8585	-1.5151	1841.7562	1600.8032	1579.0	473145.5426598694	13.0	3529.0	1075.5617	20.5597	152.7031	1504.4794	1520.0	688130.8129731922	1041.0	1941.0	278.4201	61.6957	153.3003	1216.1625	1181.0	659682.6442785799	916.0	1587.0	219.6507	0.23339062456421203	0.5449368182336929	0.55523153365601	0.312064004849233
sub-12_T2w	0.9613530997304583	0.8663554991685906	0.5227	-1.0	2.3594919962805982	2.28375532494138	2.5764541078838175	2.218266556016598	0.2577228020572849	0.3714309006790491	0.3708462972636659	1.0035250186920166	0.2096435070037842	0.0	0.0026211552582368256	8.847302018613952	8.692547119695112	8.734937822841697	208	256	256	1.4129823810764641	4.470896540489934	3.627644342928099	4.999054107217899	73.2116741996937	64.40180142691719	62.29450161244133	49.27002921071308	0.9399999976158142	0.94140625	0.94140625	2557.8941	0.0	4.3277	0.0	4014609.0	0.0	18.0	16.0626	-1.3227	2098.9642	1891.4158	1795.0	392025.5046563791	0.0	4207.0	1270.361	39.9457	185.4499	1559.5866	1579.0	564988.3716975588	1009.0	2108.0	353.1727	70.6441	171.2121	1246.5863	1208.0	564099.1238424602	923.0	1654.0	241.6455	0.22698030095473534	0.5315036241271751	0.5440348181953637	0.2627611548721501
sub-13_T2w	0.7937557235421165	1.0844753076918745	0.535	8280.0371	2.4535780003499066	2.432702133829802	2.654475684647303	2.273556182572614	0.2717756059193357	0.3722613853472961	0.3559630087333682	0.8472247421741486	0.14199216663837433	0.0	0.0031159112408403215	7.877742293210989	7.770062236364079	7.815850209203268	208	256	256	1.630919571924106	4.790902242694695	3.7584032669077545	4.853387986104464	50.27380293822175	54.2162074460149	47.8736062544138	39.13080837900475	0.9399999976158142	0.94140625	0.94140625	1600.3621	0.0	4.672	0.0	4029833.0	0.0	22.0	20.1074	-1.7924	1867.1423	1477.8412	1543.0	461622.82476947084	36.0	2992.0	946.091	2.1192	188.874	1641.3155	1664.0	632302.3424980222	1050.0	2186.0	347.3247	12.4	178.6349	1241.0325	1201.0	604618.8326913653	903.0	1685.0	247.4558	0.23488349793562965	0.542462868825642	0.549749777112423	0.38443636786890906
sub-14_T2w	2.4671632653061226	0.45163231794062686	0.5233	-1.0	2.453969261315637	2.3935957507518903	2.630288464730291	2.33802356846473	0.2663014986491478	0.3355342725895587	0.3981642287612935	0.9378809630870819	0.20278939604759216	0.0	0.00115724794070415	7.074916516611912	6.914769201461983	6.964018559669693	208	256	256	1.7566872912744642	2.9892480823461343	3.4204530501468597	5.515423776819982	14.64049251602172	9.30735338584218	10.561581218140011	7.736897752556137	0.9399999976158142	0.94140625	0.94140625	196.6589	0.0	13.7719	0.0	3617489.0	0.0	30.0	102.205	-0.88	1849.0944	2238.6555	2284.0	504616.84049359895	47.0	4184.0	1300.1732	5.442	408.0448	1444.4147	1452.0	635806.5777712172	697.0	2265.0	485.7405	52.4724	196.4102	1224.847	1207.0	754484.5828292053	916.0	1577.0	218.8407	0.22752793173022107	0.47437435330121325	0.5188949827392956	0.26938279126157455
sub-15_T2w	2.2039082111436947	0.49374026870584314	0.5147	-1.0	2.677736815122012	2.598765964038235	2.836065726141079	2.5983787551867223	0.2640078965712706	0.33414387771959514	0.4018482257091343	0.8534026145935059	0.17335615754127498	0.0	0.001084363954074586	7.741637550056768	7.601919179513396	7.661579999121527	208	256	256	1.6018264192062315	2.383541406453839	2.775036321868708	4.339741139946055	14.266015611793955	9.68512563499961	10.477682057877052	7.481904926837591	0.9399999976158142	0.94140625	0.94140625	126.5429	0.0	14.6639	0.0	3810693.0	0.0	32.0	101.3977	-0.9771	2337.6997	2278.7899	2208.0	456555.983975159	81.0	4333.0	1378.425	2.897	516.9877	1493.5702	1499.0	577844.0299052255	399.0	2587.0	628.8956	40.2603	234.545	1188.6491	1158.0	694926.9869576714	819.0	1621.0	266.836	0.23801294100073256	0.4685204150813246	0.5262129332497129	0.2545295489367802
sub-16_T2w	1.001736811594203	0.8488085734438697	0.5461	4876.2289	2.5024061054742357	2.4407021338500927	2.724774771784232	2.341741410788382	0.2669221310392292	0.3678206051436762	0.3652572638170946	0.9779793918132782	0.22945187687873847	0.0	0.0027799030003712974	6.284978231361063	6.139125796512688	6.183064883837446	208	256	256	1.4855364669996678	4.465632015245329	3.6600563045659924	5.029000431452981	21.30000375556158	19.432498827882057	18.553160843287035	14.926979946417465	0.9399999976158142	0.94140625	0.94140625	369.0025	0.0	9.3796	0.0	3583189.0	0.0	30.0	50.1656	-1.4696	1852.9741	1692.2365	1631.0	567801.5617522495	71.0	3638.0	1097.9189	22.7972	182.9966	1470.7543	1488.0	782434.6120425008	942.0	1992.0	333.2113	72.2094	162.6026	1174.4471	1143.0	776981.8262323829	863.0	1556.0	227.2816	0.2274648722743868	0.5285492761313504	0.5395835767542482	0.2902688146738929
sub-17_T2w	0.9188433333333333	0.9163603433111209	0.5485	-1.0	2.3777109580739952	2.3081702186203263	2.6148222406639	2.2101404149377593	0.2671565788498333	0.36511525716650367	0.36772816398366287	0.9982161819934845	0.2534165233373642	0.0	0.0021061134486723347	7.245621943744289	7.103297298055858	7.140205727725849	208	256	256	1.3365549837430342	5.062697412145452	4.162049793041817	6.086896983236965	48.275315683750186	45.48578350623913	43.13382500363176	35.64037582090598	0.9399999976158142	0.94140625	0.94140625	1758.4718	0.0	1.896	0.0	3466707.0	0.0	14.0	19.9627	-1.4608	1828.8948	1529.3118	1471.0	495265.0179931456	0.0	3540.0	1100.5896	37.6101	148.3515	1371.4605	1386.0	676864.5383491864	943.0	1795.0	273.7669	95.1659	127.3015	1113.2986	1086.0	681708.4442989709	876.0	1419.0	178.4159	0.21170875584458881	0.5274737331959133	0.5404226805876423	0.2842664937808153
sub-18_T2w	1.0505699164345403	0.8195669555237205	0.5548	-1.0	2.5131959068835754	2.4995531978291483	2.6377772614107884	2.402257261410788	0.258220844106252	0.3737426082700197	0.36803654762372817	0.9831796288490295	0.19077509343624122	0.0	0.003039684127530694	8.505102533262543	8.352291486697634	8.396617054449973	208	256	256	1.4982818123003696	4.549697803367723	3.6318341945847172	4.84752296808606	24.93800523668792	22.67348716752216	21.734655718013858	17.592474749831492	0.9399999976158142	0.94140625	0.94140625	667.7053	0.0	6.4255	0.0	3772864.0	0.0	31.0	46.2888	-1.3021	1929.1426	1826.937	1762.0	407895.4577800967	62.0	4019.0	1176.0123	26.3139	188.0839	1586.6335	1602.0	590378.0262971264	1020.0	2148.0	352.111	68.8414	189.0707	1270.6178	1243.0	581364.5160691048	912.0	1691.0	256.4194	0.2342577111818027	0.5306081638700572	0.5426735566161486	0.2777188094645219
sub-19_T2w	0.9917492537313433	0.8682730318722871	0.5249	-1.0	2.4798191703919663	2.4048297933335756	2.7322741908713692	2.3023535269709545	0.2587881140073622	0.37935270585129754	0.3618591801413403	1.0411254167556763	0.2517513632774353	0.0	0.0018053347342111964	7.11105337630609	6.9494117794040005	6.986868190952856	208	256	256	1.3541460434578652	5.27253659783674	3.8759505471942552	5.001169000288161	27.46401411163622	26.09165021330949	24.680235309745814	20.485041604291734	0.9399999976158142	0.94140625	0.94140625	883.9599	0.0	3.342	0.0	3718632.0	0.0	17.0	39.145	-1.2867	1962.8341	1703.1167	1641.0	488574.36171452794	0.0	3972.0	1211.8326	47.118	165.6709	1538.6494	1559.0	716192.1127517628	1054.0	1990.0	295.6829	114.2753	166.5651	1261.1593	1224.0	683165.5257670302	934.0	1667.0	244.7426	0.22094674440572096	0.54614899641961	0.5444799067131626	0.2660878750574517
sub-21_T2w	1.0739980716253443	0.759642632712993	0.5599	-1.0	2.7918172160172023	2.69690426215949	3.1094864730290457	2.569060912863071	0.2689320951079523	0.3678078463246969	0.3632600585673508	0.9782478511333466	0.23994649648666388	0.0	0.0007453990044984483	6.7029197767865725	6.534855075220519	6.5766699778890505	208	256	256	1.154590784179208	3.9427354086391775	3.092047536389135	4.1788164163490205	9.144408554249086	8.40969093246146	7.9707442507268	6.358133265469854	0.9399999976158142	0.94140625	0.94140625	155.6853	0.0	14.4428	0.0	3407510.0	0.0	21.0	115.919	-1.0852	2103.9613	1751.9476	1618.0	537866.3417253848	0.0	4787.0	1401.361	46.9853	208.7867	1459.7414	1488.0	735618.6351842665	895.0	2042.0	377.4027	107.032	181.0746	1174.5377	1125.0	726523.0232863808	831.0	1625.0	269.2148	0.22057564717980108	0.5332747584568913	0.5324887778621537	0.21687228274190226
sub-22_T2w	1.4503314878892735	0.6631765083462839	0.499	-1.0	2.3966805958213935	2.3184148994973746	2.579810788381743	2.2918160995850623	0.26375097276602155	0.3613329385537774	0.374916088680201	0.8778074383735657	0.1783023178577423	0.0	0.002348114603628474	8.572429657594505	8.389589017117592	8.427293318302382	208	256	256	1.5695431574379908	4.425949894297237	3.7265532518658353	5.184166703862277	32.12870692335745	24.756709101902143	25.699821829593656	20.21404946352137	0.9399999976158142	0.94140625	0.94140625	532.61	0.0	3.6661	0.0	4038140.0	0.0	15.0	41.6792	-1.22	2264.6181	2118.8739	2044.0	414322.71060767677	15.0	4104.0	1302.2882	22.0499	212.9352	1557.5209	1575.0	567612.8545173077	1005.0	2133.0	355.8555	36.7869	206.2106	1312.4827	1286.0	588950.4348869671	965.0	1716.0	248.0628	0.22056405564453477	0.5177528609151302	0.5304555449373985	0.2999896284551516
sub-23_T2w	1.4633094545454546	0.6417911065753086	0.5103	-1.0	2.405776434071108	2.3032234100971407	2.6197722821576765	2.2943336099585063	0.27047704503134035	0.35658963256923176	0.37293332239942784	1.025099515914917	0.26005296707153314	0.0	0.0023977969526627167	8.086554561924402	7.913293801854204	7.948696249979619	208	256	256	1.3461206543166588	4.229088545961938	3.602855968559416	5.2333587053996515	30.459826973766788	25.80005591816242	25.782924406928583	21.088890328856532	0.9399999976158142	0.94140625	0.94140625	533.7207	0.0	4.7103	0.0	3795998.0	0.0	20.0	38.2416	-1.2258	2102.5842	1881.043	1778.0	450029.7153561516	0.0	4222.0	1320.8311	56.1601	223.2499	1493.9061	1506.0	593307.0247254868	955.0	2059.0	356.1048	114.0767	179.1602	1254.8007	1231.0	620500.2605925087	932.0	1628.0	235.2216	0.21487576205317732	0.5195150123050839	0.5315630480975531	0.24789546942596394
sub-24_T2w	1.2055440922190201	0.7414167998783067	0.5576	5523.9198	2.3310176276641363	2.2852872398388824	2.5436202489626556	2.1641453941908715	0.27269736932530997	0.35758675680065233	0.36971587387403765	0.8726270794868469	0.18203473091125488	0.0	0.0012091770040726737	7.973445801537283	7.81594830198887	7.860423378928302	208	256	256	1.3760019841371662	3.763726710131196	3.2571337245572303	4.631672479403329	24.265435179976574	21.50504320893695	20.75352288174292	16.490090256315227	0.9399999976158142	0.94140625	0.94140625	803.9905	0.0	6.9249	0.0	3619261.0	0.0	27.0	45.3309	-1.5689	2171.9001	1765.4936	1679.0	459105.9281963948	0.0	3763.0	1220.2004	20.8035	233.0174	1464.366	1488.0	602023.4089455325	873.0	2090.0	395.3525	49.2117	185.3064	1182.5935	1141.0	622443.6629654252	855.0	1596.0	246.3471	0.22340677215441854	0.5173812765934719	0.5297457611071267	0.2889993476417526
sub-25_T2w	0.898329854368932	0.9404956765060116	0.5273	-1.0	2.3275817111022303	2.2612659631822107	2.5543595020746888	2.1671196680497924	0.26979126117881796	0.3661424597838309	0.364066279037351	0.9001807570457458	0.16388729810714708	0.0	0.0021936843250556616	7.936725871816539	7.79528626066087	7.840085747187018	208	256	256	1.5011337719141573	4.632526464406755	3.721921547307753	5.032104405602347	23.138438487254252	20.702155817159984	19.798440707056645	15.554727816755694	0.9399999976158142	0.94140625	0.94140625	359.6469	0.0	6.6466	0.0	3683246.0	0.0	16.0	52.4371	-1.4915	2174.3414	1902.4924	1852.0	456517.30035051145	0.0	3918.0	1233.7328	14.0615	186.9968	1634.1115	1657.0	619554.4160840063	1056.0	2200.0	357.6879	47.3415	183.1151	1286.065	1245.0	616041.2836523576	956.0	1713.0	247.4112	0.23097322070116266	0.5348410349411412	0.5585203181776112	0.301787374660306
sub-26_T2w	1.3708344155844154	0.6862124661408392	0.5519	5536.29	2.3877875650065317	2.3142446867208397	2.58847867219917	2.260639336099585	0.273678113909963	0.35742171697893926	0.36890016911109763	0.8707750737667084	0.21579222679138188	0.0	0.0026633653409492528	6.958695011526088	6.7933678414187915	6.837801465995483	208	256	256	1.5218983535622328	3.954691970667814	3.427866507414514	4.807009198013494	28.000366063757127	23.75059687309525	23.520735143285865	18.81124249300522	0.9399999976158142	0.94140625	0.94140625	492.091	0.0	11.4845	0.0	3438502.0	0.0	40.0	40.8519	-1.4309	2034.2209	1826.2747	1746.0	526758.6657106951	28.0	3620.0	1147.2503	16.7736	228.0633	1458.5178	1481.0	687943.160825027	880.0	2053.0	374.4916	29.9769	194.1537	1204.0347	1173.0	710036.1738291616	864.0	1608.0	244.0185	0.21987519459145244	0.5183036793507715	0.5345324801754378	0.3095497311953758
sub-27_T2w	1.3882041139240506	0.6803234989693472	0.5331	6056.7306	2.3883528862254173	2.326042559091189	2.5465839004149378	2.2924321991701246	0.27251655220770843	0.3533416432390009	0.3741418045532906	0.8242679536342621	0.13367438018321987	0.0	0.001933422784920597	7.239699190066042	7.089785254035447	7.13791544219708	208	256	256	1.5219985708411936	3.7917040058083726	3.5332936031635174	5.286178232840985	21.382638052814947	18.59519295502089	18.23657428746844	14.731891854569476	0.9399999976158142	0.94140625	0.94140625	275.5433	0.0	10.9034	0.0	3999182.0	0.0	28.0	53.5871	-1.5386	2045.9362	1807.6661	1749.0	504118.5593647491	54.0	3618.0	1149.1458	10.511	256.4837	1509.0714	1521.0	653633.9855696288	897.0	2163.0	401.1386	37.016	182.1888	1228.3212	1205.0	692111.455181537	906.0	1606.0	227.9528	0.23211976616608018	0.5170015091234622	0.5387908249173763	0.3188107605210834
sub-28_T2w	0.9314036231884057	0.9137659779661704	0.5332	-1.0	2.294650128137181	2.2356702184364394	2.4917191701244814	2.156560995850622	0.2755962195792255	0.36313836299258384	0.3612654174281906	0.9358778595924377	0.2059655785560608	0.0	0.003362057530597718	8.176241326145064	8.040915288659363	8.088304050062943	208	256	256	1.541801703750157	4.473866182800409	3.6252505262804404	4.860083692290754	40.297016178780524	38.91714156789947	36.14959644438098	29.234631586462942	0.9399999976158142	0.94140625	0.94140625	993.3977	0.0	4.7195	0.0	3810081.0	0.0	23.0	28.012	-1.7086	2091.7581	1708.7784	1723.0	452107.605981214	0.0	3476.0	1117.5225	5.7298	188.4757	1649.0976	1664.0	595717.9535451434	1043.0	2258.0	371.9375	22.9889	197.1254	1289.8352	1250.0	592645.4406618251	938.0	1730.0	257.197	0.2321750902917	0.5407095444084853	0.5603619516458277	0.3424556983623497
sub-29_T2w	1.8243292418772563	0.5366230505743876	0.5297	-1.0	2.5510236712187915	2.495202133988325	2.7836335269709545	2.3742353526970956	0.26937784089717687	0.3512360912659081	0.37938606783691503	0.9930097460746765	0.24145479500293732	0.0	0.0012971811712374692	7.159327904679644	6.995948901401931	7.046172769985825	208	256	256	1.536662103602832	3.2604413203516787	3.219985809727646	4.862854005228428	11.645627133105801	8.52047149738627	9.01774468973661	6.887135438717761	0.9399999976158142	0.94140625	0.94140625	119.937	0.0	21.7229	0.0	3729624.0	0.0	54.0	111.1056	-1.0127	2016.669	2030.3284	1975.0	504336.19776967075	51.0	4220.0	1285.252	23.3952	315.0379	1436.9794	1445.0	657593.3424907988	772.0	2162.0	443.1912	88.3262	190.3013	1184.6984	1168.0	710296.4605492216	844.0	1562.0	240.188	0.2296142364079659	0.5026889264557468	0.5307927477619697	0.23719538759043615
sub-30_T2w	0.7876186147186148	1.0842479206200921	0.536	-1.0	2.403516508853317	2.3440957506263405	2.6112	2.25525377593361	0.2661289616287622	0.3784129787392523	0.35545805963198557	1.0425405502319336	0.29553586840629575	0.0	0.003505657111988003	8.331355083096165	8.201557132662128	8.242244585091932	208	256	256	1.340077289151809	5.149462594482912	3.630157142312098	4.4009315433015725	170.83870981184884	170.53309494635357	154.94673680609546	123.46840566008396	0.9399999976158142	0.94140625	0.94140625	13.6885	0.0	2.195	0.0	3903345.0	0.0	17.0	6.431	-1.4836	2164.5664	1696.5048	1677.0	429362.8860604493	0.0	3962.0	1251.4189	30.2107	186.5124	1649.3014	1674.0	610517.8770466332	1089.0	2140.0	325.0822	114.821	177.3674	1268.8724	1212.0	573483.2369350889	920.0	1737.0	275.396	0.22407346991479996	0.5519665932192221	0.560518980397579	0.2710247928293515
sub-31_T2w	2.5888	0.42459903064795784	0.5402	599.0839	2.4226846969254616	2.305095750527422	2.616075684647303	2.3468826556016595	0.26582194530953646	0.3580543986959015	0.37612365599456216	0.9299319386482239	0.47023869752883896	0.0	0.0015852550896654767	7.878616972595667	7.691407204628826	7.739132624719144	208	256	256	1.6171844665189035	3.1796435662564053	3.0496087279963313	4.351998151213685	14.031018287602354	9.748773466455969	10.658554417468753	8.19587149834794	0.9399999976158142	0.94140625	0.94140625	62.28	0.0	39.7984	0.0	3833104.0	0.0	170.0	83.532	-0.9573	1847.0028	1857.3818	1789.0	453022.79727001395	79.0	3560.0	1106.2424	13.3227	333.2097	1225.2395	1243.0	610208.4802786631	592.0	1832.0	390.924	45.2636	179.3727	1054.6941	1045.0	641002.7229304462	690.0	1428.0	240.1194	0.22030340630736728	0.5002165007119527	0.5158090587460341	0.2700700561046745
sub-32_T2w	1.1652866261398176	0.7524938682497333	0.5743	-1.0	2.5790585989705934	2.492904261642071	2.838806307053942	2.4054652282157676	0.2602630207957658	0.3770427475691993	0.362694231635035	0.973457396030426	0.21608483791351318	0.0	0.002113705175038873	6.960906377566397	6.796200531399572	6.831626231015656	208	256	256	1.240885152340437	4.740933480380752	3.5142956380586887	4.561068281454876	14.974281303040536	15.273766929101347	14.114467731446595	12.095354962197904	0.9399999976158142	0.94140625	0.94140625	225.2183	0.0	10.2588	0.0	3260898.0	0.0	34.0	67.8137	-1.1247	1916.0822	1630.5346	1550.0	501317.58964212984	17.0	4144.0	1249.1071	54.7112	186.3404	1564.5322	1581.0	726258.2322509957	1025.0	2071.0	333.4784	79.1892	197.0389	1279.6062	1252.0	698620.1782506098	897.0	1720.0	274.4969	0.22430271083799655	0.5444873129319593	0.5390580933883224	0.25897254815314863
sub-33_T2w	0.7632916666666667	1.0875583602747296	0.5425	-1.0	2.3218263919386968	2.2440000056916096	2.508810622406639	2.212668547717842	0.2721510516073113	0.36640216161047223	0.3614467867822165	0.8909366130828857	0.1995354771614074	0.0	0.0017141032732069473	6.982638636129837	6.879325198276995	6.932506350961775	208	256	256	1.6125577294945392	4.356224115564915	3.771702233933708	5.34632485674167	83.42103378394955	82.40305071272601	74.81282605886634	58.614393679923445	0.9399999976158142	0.94140625	0.94140625	3238.6396	0.0	3.5644	0.0	3676108.0	0.0	12.0	12.2277	-1.7447	1903.3245	1527.374	1557.0	520466.84202809166	0.0	3032.0	965.5459	3.851	188.9214	1514.6092	1538.0	700714.4555914912	941.0	2073.0	353.0578	30.8292	149.9801	1127.3208	1094.0	691237.7026166426	853.0	1498.0	204.6264	0.23083546959049325	0.5255476041168685	0.5428190773162093	0.34287296202161804
